order_id,stock_picking_id,ship_date,amount_residual,due_date,channel,delivery_date,payment_terms
S03794,119439,2025-02-13 19:27:03,5881.19,2025-03-30 00:00:00,Wholesale,2025-02-15 03:00:00,45 Days
S02914,79560,2025-02-10 16:01:53,43476.0,2025-04-07 00:00:00,Wholesale,2025-02-01 21:00:00,45 Days
S03776,126611,2025-03-13 16:28:51,2572.62,2025-04-03 00:00:00,Wholesale,2025-02-10 19:00:00,30 Days
S03889,126632,2025-03-13 17:50:53,2321.0,2025-04-12 00:00:00,Wholesale,2025-03-03 19:00:00,30 Days
S03796,119755,2025-03-14 19:07:22,774.0,2025-03-14 00:00:00,Wholesale,2025-03-15 07:00:00,Due on Ship
S03582,114346,2025-03-18 20:27:30,2655.0,2025-04-17 00:00:00,Wholesale,2025-03-15 19:00:00,30 Days
S03578,114345,2025-03-18 21:18:12,2655.0,2025-04-17 00:00:00,Wholesale,2025-03-15 18:00:00,30 Days
S03457,128203,2025-03-18 22:18:16,247.0,2025-04-17 00:00:00,Wholesale,2025-03-19 21:00:00,30 Days
S03600,114874,2025-03-26 20:21:09,2225.88,2025-03-26 00:00:00,Wholesale,2025-04-01 18:00:00,Due on Ship
S03975,128726,2025-04-01 16:08:36,595.0,2025-04-15 00:00:00,Wholesale,2025-04-01 21:00:00,Due on Ship
S03971,128729,2025-04-01 17:45:10,189.75,2025-04-01 00:00:00,Wholesale,,Net 30
S03943,131876,2025-04-09 20:49:59,441.94,2025-04-09 00:00:00,Wholesale,2025-04-01 17:00:00,Due on Ship
S04043,130792,2025-04-15 17:46:22,1726.43,2025-04-15 00:00:00,Wholesale,2025-04-14 18:00:00,Due on Ship
S03796,135964,2025-04-18 16:32:30,62.0,2025-04-18 00:00:00,Wholesale,2025-03-15 07:00:00,Due on Ship
S03989,,2025-04-21 15:00:00,1133.35,2025-04-21 15:00:00,Wholesale,,
S04127,,2025-04-16 20:00:00,1009.26,2025-04-16 20:00:00,Wholesale,,
S04258,,2025-04-21 19:00:00,2081.29,2025-04-21 19:00:00,Wholesale,,
S04254,,2025-04-21 16:00:00,279.4,2025-04-21 16:00:00,Wholesale,,
S03529,,2025-03-14 21:00:00,1657.39,2025-03-14 21:00:00,Wholesale,,
S03807,,2025-03-15 20:00:00,1932.0,2025-03-15 20:00:00,Wholesale,,
S03986,,2025-03-25 19:00:00,1913.31,2025-03-25 19:00:00,Wholesale,,
S04245,,2025-04-21 20:00:00,475.0,2025-04-21 20:00:00,Wholesale,,
S03987,,2025-04-01 22:00:00,1516.13,2025-04-01 22:00:00,Wholesale,,
S03910,,2025-03-14 16:00:00,238.0,2025-03-14 16:00:00,Wholesale,,
S04102,,2025-04-04 17:00:00,3230.0,2025-04-04 17:00:00,Wholesale,,
S04248,,2025-04-18 16:00:00,719.34,2025-04-18 16:00:00,Wholesale,,
S03672,,2025-04-18 20:00:00,1637.0,2025-04-18 20:00:00,Wholesale,,
S03630,,2025-04-15 14:00:00,553.96,2025-04-15 14:00:00,Wholesale,,
S04231,,2025-04-16 19:00:00,753.65,2025-04-16 19:00:00,Wholesale,,
S04242,,2025-04-17 19:00:00,525.0,2025-04-17 19:00:00,Wholesale,,
S04243,,2025-04-17 15:00:00,1339.82,2025-04-17 15:00:00,Wholesale,,
S04122,,2025-04-04 19:00:00,3496.84,2025-04-04 19:00:00,Wholesale,,
S04229,,2025-04-16 19:00:00,1496.1,2025-04-16 19:00:00,Wholesale,,
S04126,,2025-04-15 19:00:00,2475.0,2025-04-15 19:00:00,Wholesale,,
S04125,,2025-04-15 19:00:00,2561.94,2025-04-15 19:00:00,Wholesale,,
S04218,,2025-04-15 18:00:00,475.5,2025-04-15 18:00:00,Wholesale,,
S04226,,2025-04-14 15:00:00,1334.12,2025-04-14 15:00:00,Wholesale,,
S03542,,2025-04-15 17:00:00,1819.5,2025-04-15 17:00:00,Wholesale,,
S04224,,2025-04-15 19:00:00,1667.5,2025-04-15 19:00:00,Wholesale,,
S03727,,2025-02-05 22:00:00,489.24,2025-02-05 22:00:00,Wholesale,,
S04216,,2025-04-14 17:00:00,3010.46,2025-04-14 17:00:00,Wholesale,,
S04221,,2025-04-14 18:00:00,310.0,2025-04-14 18:00:00,Wholesale,,
S04222,,2025-04-12 18:00:00,1067.5,2025-04-12 18:00:00,Wholesale,,
S04219,,2025-04-12 15:00:00,319.61,2025-04-12 15:00:00,Wholesale,,
S04157,,2025-04-09 17:00:00,531.5,2025-04-09 17:00:00,Wholesale,,
S04134,,2025-04-07 21:00:00,2556.63,2025-04-07 21:00:00,Wholesale,,
S04209,,2025-04-10 18:00:00,130.0,2025-04-10 18:00:00,Wholesale,,
S03372,,2025-04-14 18:00:00,268.5,2025-04-14 18:00:00,Wholesale,,
S04161,,2025-04-09 19:00:00,984.0,2025-04-09 19:00:00,Wholesale,,
S04156,,2025-04-13 17:00:00,1406.65,2025-04-13 17:00:00,Wholesale,,
S04149,,2025-04-09 17:00:00,1073.4,2025-04-09 17:00:00,Wholesale,,
S04153,,2025-04-08 21:00:00,458.88,2025-04-08 21:00:00,Wholesale,,
S04162,,2025-04-09 20:00:00,167.5,2025-04-09 20:00:00,Wholesale,,
S04163,,2025-04-09 20:00:00,237.0,2025-04-09 20:00:00,Wholesale,,
S04155,,2025-04-09 16:00:00,432.0,2025-04-09 16:00:00,Wholesale,,
S04159,,2025-04-09 18:00:00,2508.79,2025-04-09 18:00:00,Wholesale,,
S03962,,2025-03-20 15:00:00,399.0,2025-03-20 15:00:00,Wholesale,,
S04151,,2025-04-09 19:00:00,556.73,2025-04-09 19:00:00,Wholesale,,
S03605,,2025-04-09 15:00:00,120.0,2025-04-09 15:00:00,Wholesale,,
S04042,,2025-04-07 16:00:00,476.9,2025-04-07 16:00:00,Wholesale,,
S03684,,2025-04-09 18:00:00,2424.41,2025-04-09 18:00:00,Wholesale,,
S04142,,2025-04-06 17:00:00,777.3,2025-04-06 17:00:00,Wholesale,,
S04137,,2025-04-07 14:00:00,4657.63,2025-04-07 14:00:00,Wholesale,,
S04118,,2025-04-07 16:00:00,3617.6,2025-04-07 16:00:00,Wholesale,,
S04131,,2025-04-04 20:00:00,937.0,2025-04-04 20:00:00,Wholesale,,
S04135,,2025-04-09 21:00:00,1101.31,2025-04-09 21:00:00,Wholesale,,
S04129,,2025-04-04 18:00:00,640.21,2025-04-04 18:00:00,Wholesale,,
S04130,,2025-04-04 18:00:00,3423.8,2025-04-04 18:00:00,Wholesale,,
S04124,,2025-04-04 19:00:00,3154.95,2025-04-04 19:00:00,Wholesale,,
S04107,,2025-04-04 18:00:00,2364.51,2025-04-04 18:00:00,Wholesale,,
S04121,,2025-04-03 18:00:00,580.42,2025-04-03 18:00:00,Wholesale,,
S04112,,2025-04-04 22:00:00,2614.52,2025-04-04 22:00:00,Wholesale,,
S04110,,2025-04-04 20:00:00,991.78,2025-04-04 20:00:00,Wholesale,,
S04106,,2025-04-02 18:00:00,3272.42,2025-04-02 18:00:00,Wholesale,,
S04062,,2025-04-02 17:00:00,422.65,2025-04-02 17:00:00,Wholesale,,
S04108,,2025-04-02 18:00:00,2017.81,2025-04-02 18:00:00,Wholesale,,
S03344,,2025-04-15 18:00:00,1962.05,2025-04-15 18:00:00,Wholesale,,
S04105,,2025-04-02 18:00:00,1333.57,2025-04-02 18:00:00,Wholesale,,
S04098,,2025-04-07 22:00:00,984.84,2025-04-07 22:00:00,Wholesale,,
S04097,,2025-04-07 22:00:00,821.44,2025-04-07 22:00:00,Wholesale,,
S04096,,2025-04-07 22:00:00,1090.38,2025-04-07 22:00:00,Wholesale,,
S04095,,2025-04-07 22:00:00,1283.3,2025-04-07 22:00:00,Wholesale,,
S04094,,2025-04-07 22:00:00,921.92,2025-04-07 22:00:00,Wholesale,,
S04056,,2025-03-31 16:00:00,871.56,2025-03-31 16:00:00,Wholesale,,
S04061,,2025-04-01 17:00:00,1770.12,2025-04-01 17:00:00,Wholesale,,
S04058,,2025-04-01 17:00:00,126.23,2025-04-01 17:00:00,Wholesale,,
S04045,,2025-04-11 20:00:00,652.92,2025-04-11 20:00:00,Wholesale,,
S03988,,2025-03-31 15:00:00,714.4,2025-03-31 15:00:00,Wholesale,,
S04057,,2025-04-01 16:00:00,1329.0,2025-04-01 16:00:00,Wholesale,,
S04053,,2025-03-29 22:00:00,325.0,2025-03-29 22:00:00,Wholesale,,
S04051,,2025-03-29 21:00:00,289.28,2025-03-29 21:00:00,Wholesale,,
S04050,,2025-03-29 17:00:00,408.52,2025-03-29 17:00:00,Wholesale,,
S04049,,2025-03-31 16:00:00,1037.4,2025-03-31 16:00:00,Wholesale,,
S04048,,2025-03-29 16:00:00,130.0,2025-03-29 16:00:00,Wholesale,,
S04040,,2025-04-14 22:00:00,1742.05,2025-04-14 22:00:00,Wholesale,,
S03998,,2025-03-27 20:00:00,536.75,2025-03-27 20:00:00,Wholesale,,
S03912,,2025-03-28 19:00:00,1924.39,2025-03-28 19:00:00,Wholesale,,
S03997,,2025-03-27 20:00:00,1030.75,2025-03-27 20:00:00,Wholesale,,
S03996,,2025-03-27 20:00:00,434.04,2025-03-27 20:00:00,Wholesale,,
S03982,,2025-03-25 19:00:00,2160.9,2025-03-25 19:00:00,Wholesale,,
S03990,,2025-03-27 16:00:00,51.3,2025-03-27 16:00:00,Wholesale,,
S03992,,2025-04-11 18:00:00,728.96,2025-04-11 18:00:00,Wholesale,,
S03991,,2025-04-11 17:00:00,2488.44,2025-04-11 17:00:00,Wholesale,,
S03493,,2025-03-27 16:00:00,1019.0,2025-03-27 16:00:00,Wholesale,,
S03320,,2025-01-15 23:00:00,1042.95,2025-01-15 23:00:00,Wholesale,,
S03932,,2025-03-12 17:00:00,620.47,2025-03-12 17:00:00,Wholesale,,
S03985,,2025-03-25 16:00:00,85.02,2025-03-25 16:00:00,Wholesale,,
S03973,,2025-03-25 20:00:00,555.75,2025-03-25 20:00:00,Wholesale,,
S03831,,2025-03-15 22:00:00,869.29,2025-03-15 22:00:00,Wholesale,,
S03976,,2025-03-25 01:00:00,1471.5,2025-03-25 01:00:00,Wholesale,,
S03980,,2025-03-26 00:00:00,53.5,2025-03-26 00:00:00,Wholesale,,
S03958,,2025-03-24 21:00:00,237.5,2025-03-24 21:00:00,Wholesale,,
S03970,,2025-03-21 17:00:00,1180.0,2025-04-20 17:00:00,Wholesale,,
S03964,,2025-04-04 18:00:00,252.72,2025-04-04 18:00:00,Wholesale,,
#TYAP8U9FYU,,2025-03-20 21:00:00,3818.12,2025-04-19 21:00:00,Faire,,
S02828,,2024-12-01 22:00:00,515.1,2024-12-01 22:00:00,Wholesale,,
S03965,,2025-03-20 19:00:00,117.8,2025-03-20 19:00:00,Wholesale,,
S03946,,2025-03-19 19:00:00,211.61,2025-03-19 19:00:00,Wholesale,,
S03452,,2025-01-15 23:00:00,1356.0,2025-01-15 23:00:00,Wholesale,,
S03960,,2025-03-18 22:00:00,890.0,2025-03-18 22:00:00,Wholesale,,
S03311,,2025-01-09 22:00:00,957.88,2025-01-09 22:00:00,Wholesale,,
S03460,,2025-02-15 22:00:00,4961.85,2025-02-15 22:00:00,Wholesale,,
S03626,,2025-02-01 23:00:00,905.92,2025-02-01 23:00:00,Wholesale,,
S03843,,2025-02-21 20:00:00,931.47,2025-02-21 20:00:00,Wholesale,,
S03691,,2025-03-15 21:00:00,858.5,2025-04-14 21:00:00,Wholesale,,
S03589,,2025-03-15 21:00:00,779.5,2025-03-15 21:00:00,Wholesale,,
#4X8XWQNJMZ,,2025-03-19 15:00:00,264.11,2025-04-18 15:00:00,Faire,,
#U2FQBKNSYK,,2025-03-19 16:00:00,446.72,2025-04-18 16:00:00,Faire,,
#JUGQFG7FCK,,2025-03-19 18:00:00,280.91,2025-04-18 18:00:00,Faire,,
S03713,,2025-03-19 21:00:00,1455.26,2025-03-19 21:00:00,Wholesale,,
S03963,,2025-03-19 22:00:00,790.94,2025-03-19 22:00:00,Wholesale,,
#CUXE4QVSMK,,2025-03-15 23:02:10,1499.92,2025-04-14 23:02:10,Faire,,
S03937,,2025-03-18 16:00:00,193.0,2025-03-18 16:00:00,Wholesale,,
#UNRDB8REK3,,2025-03-18 22:00:00,130.1,2025-04-17 22:00:00,Faire,,
#XQU9PTGM8X,,2025-03-18 16:00:00,197.75,2025-04-17 16:00:00,Faire,,
#B7K88UBAXD,,2025-03-18 16:00:00,240.13,2025-04-17 16:00:00,Faire,,
#632Y9HC5H7,,2025-03-18 19:00:00,249.69,2025-04-17 19:00:00,Faire,,
#JPBWCTFZFY,,2025-03-18 16:00:00,256.62,2025-04-17 16:00:00,Faire,,
#HHV3QT6JZY,,2025-03-18 17:00:00,674.92,2025-04-17 17:00:00,Faire,,
#7E6R7DVPCW,,2025-03-18 15:00:00,67.94,2025-04-17 15:00:00,Faire,,
#7PG6VQWGCH,,2025-03-18 15:00:00,196.51,2025-04-17 15:00:00,Faire,,
#CE3MU982EG,,2025-03-19 22:00:00,344.69,2025-04-18 22:00:00,Faire,,
#VBQVMXXS4E,,2025-03-18 16:00:00,548.78,2025-04-17 16:00:00,Faire,,
S03942,,2025-03-18 16:00:00,444.12,2025-03-18 16:00:00,Wholesale,,
S03954,,2025-03-18 17:00:00,542.71,2025-03-18 17:00:00,Wholesale,,
S03957,,2025-04-11 19:00:00,2998.26,2025-04-11 19:00:00,Wholesale,,
S03953,,2025-03-19 17:00:00,632.95,2025-04-18 17:00:00,Wholesale,,
S03950,,2025-03-18 15:00:00,790.0,2025-03-18 15:00:00,Wholesale,,
#MBQYMEU5G5,,2025-03-17 14:00:00,315.28,2025-04-16 14:00:00,Faire,,
#GU5NVRS6AV,,2025-03-17 17:00:00,192.02,2025-04-16 17:00:00,Faire,,
#2Y2E2SPPJN,,2025-03-17 18:00:00,169.0,2025-04-16 18:00:00,Faire,,
#SMWGF8XU5C,,2025-03-17 17:00:00,402.7,2025-04-16 17:00:00,Faire,,
#6M8FNU2AEK,,2025-03-17 15:00:00,46.35,2025-04-16 15:00:00,Faire,,
#RMQASN5H7U,,2025-03-17 19:00:00,438.29,2025-04-16 19:00:00,Faire,,
#2EFQVASEN7,,2025-03-17 17:00:00,145.38,2025-04-16 17:00:00,Faire,,
#37862M3W8T,,2025-03-17 19:00:00,940.41,2025-04-16 19:00:00,Faire,,
#KWS93V822A,,2025-03-17 16:00:00,200.81,2025-04-16 16:00:00,Faire,,
#ZARGSXY626,,2025-03-17 21:00:00,257.83,2025-04-16 21:00:00,Faire,,
#69FCRBSYZK,,2025-03-17 21:00:00,268.83,2025-04-16 21:00:00,Faire,,
#DTKK9U2C2T,,2025-03-17 17:00:00,177.48,2025-04-16 17:00:00,Faire,,
#KJAQ9BDRMW,,2025-03-17 17:00:00,141.51,2025-04-16 17:00:00,Faire,,
#2M45FV8KWR,,2025-03-17 19:00:00,584.65,2025-04-16 19:00:00,Faire,,
#C494SEC35K,,2025-03-17 18:00:00,527.01,2025-04-16 18:00:00,Faire,,
#AR8U9V5YT2,,2025-03-17 17:00:00,280.45,2025-04-16 17:00:00,Faire,,
#CBPZYCQDBF,,2025-03-17 14:00:00,326.35,2025-04-16 14:00:00,Faire,,
S03408,,2025-03-14 20:00:00,2416.0,2025-03-14 20:00:00,Wholesale,,
S03516,,2025-03-18 20:00:00,1898.25,2025-03-18 20:00:00,Wholesale,,
#SMSM9NGCRA,,2025-03-14 17:00:00,208.52,2025-04-13 17:00:00,Faire,,
#BSRF86N8YN,,2025-03-14 18:00:00,158.44,2025-04-13 18:00:00,Faire,,
#M9C2BEWJ6Y,,2025-03-17 15:00:00,1748.27,2025-04-16 15:00:00,Faire,,
#C2Y6ZQ2CX5,,2025-03-14 18:00:00,271.91,2025-04-13 18:00:00,Faire,,
#3QR474QB2P,,2025-03-14 16:00:00,639.44,2025-04-13 16:00:00,Faire,,
#8SMYDBQHC4,,2025-03-14 19:00:00,624.46,2025-04-13 19:00:00,Faire,,
#XXZ8XT2F3S,,2025-03-14 16:00:00,138.66,2025-04-13 16:00:00,Faire,,
S03346,,2025-03-14 18:00:00,2345.94,2025-03-14 18:00:00,Wholesale,,
S03945,,2025-03-18 20:00:00,773.62,2025-04-17 20:00:00,Wholesale,,
S03939,,2025-03-13 16:00:00,64.74,2025-03-13 16:00:00,Wholesale,,
S03919,,2025-03-14 17:00:00,8306.46,2025-03-14 17:00:00,Wholesale,,
S03591,,2025-03-14 16:00:00,325.0,2025-03-14 16:00:00,Wholesale,,
S03410,,2025-03-14 21:00:00,1147.5,2025-04-13 21:00:00,Wholesale,,
S03627,,2025-03-16 01:00:00,640.0,2025-03-16 01:00:00,Wholesale,,
#V7FR3SR76T,,2025-03-13 17:00:00,304.51,2025-04-12 17:00:00,Faire,,
#A4DRZF95AN,,2025-03-13 16:00:00,700.48,2025-04-12 16:00:00,Faire,,
#ZGRWUBBV59,,2025-03-13 16:00:00,244.6,2025-04-12 16:00:00,Faire,,
#YRBZGSKJ9C,,2025-03-13 16:00:00,235.56,2025-04-12 16:00:00,Faire,,
#FWJTMRH9MF,,2025-03-12 22:00:00,349.27,2025-04-11 22:00:00,Faire,,
#ZCYG36REDT,,2025-03-13 15:00:00,220.68,2025-04-12 15:00:00,Faire,,
#Y8K6APD8PF,,2025-03-19 18:00:00,1308.24,2025-04-18 18:00:00,Faire,,
S03916,,2025-03-12 15:00:00,805.44,2025-03-12 15:00:00,Wholesale,,
#AGZAR4M3WD,,2025-03-12 17:00:00,171.24,2025-04-11 17:00:00,Faire,,
#C3TGCGNUT2,,2025-03-17 12:59:59,64.9,2025-04-16 12:59:59,Faire,,
#4FDW3KEVE6,,2025-03-12 14:00:00,584.58,2025-04-11 14:00:00,Faire,,
#KPNAHBU6E4,,2025-03-13 19:00:00,469.14,2025-04-12 19:00:00,Faire,,
#AHPNHZ8MNU,,2025-03-12 19:00:00,71.2,2025-04-11 19:00:00,Faire,,
#HT5BCFN8YB,,2025-03-12 16:00:00,175.72,2025-04-11 16:00:00,Faire,,
#QGFJTKN7WY,,2025-03-12 20:00:00,351.78,2025-04-11 20:00:00,Faire,,
#FGDAZ2W5QA,,2025-03-12 16:00:00,327.8,2025-04-11 16:00:00,Faire,,
#Y6ETDXZYCU,,2025-01-20 12:59:59,562.05,2025-02-19 12:59:59,Faire,,
S03869,,2025-03-12 18:00:00,2032.0,2025-03-12 18:00:00,Wholesale,,
S03601,,2025-03-15 18:00:00,4150.0,2025-04-14 18:00:00,Wholesale,,
S03934,,2025-03-12 18:00:00,471.0,2025-03-12 18:00:00,Wholesale,,
S03802,,2025-03-12 19:00:00,1850.0,2025-03-12 19:00:00,Wholesale,,
S03420,,2025-03-07 21:00:00,2327.0,2025-04-06 21:00:00,Wholesale,,
S03930,,2025-03-12 17:00:00,1356.0,2025-03-12 17:00:00,Wholesale,,
S03903,,2025-03-11 17:00:00,1823.22,2025-03-11 17:00:00,Wholesale,,
#9REQEYKEKT,,2025-03-19 14:00:00,705.3,2025-04-18 14:00:00,Faire,,
#4S4Q8ZBXAR,,2025-03-11 15:00:00,419.63,2025-04-10 15:00:00,Faire,,
#2GACC5837X,,2025-03-11 14:00:00,33.53,2025-04-10 14:00:00,Faire,,
#N2MHR7APUP,,2025-03-11 16:00:00,716.9,2025-04-10 16:00:00,Faire,,
#SH4GUF6TNB,,2025-03-11 16:00:00,459.36,2025-04-10 16:00:00,Faire,,
#VSJRS3DWY8,,2025-03-11 15:00:00,230.78,2025-04-10 15:00:00,Faire,,
S03927,,2025-03-11 22:00:00,582.69,2025-04-10 22:00:00,Wholesale,,
S03922,,2025-03-11 21:00:00,823.6,2025-04-10 21:00:00,Wholesale,,
S03921,,2025-03-11 20:00:00,173.0,2025-04-10 20:00:00,Wholesale,,
S03597,,2025-03-03 23:00:00,1667.44,2025-03-03 23:00:00,Wholesale,,
S03604,,2025-03-07 16:00:00,267.0,2025-03-07 16:00:00,Wholesale,,
S03897,,2025-03-10 19:00:00,2495.9,2025-03-10 19:00:00,Wholesale,,
S03537,,2025-04-01 16:00:00,1100.0,2025-04-01 16:00:00,Wholesale,,
S03538,,2025-03-03 17:00:00,1613.83,2025-03-03 17:00:00,Wholesale,,
#MKFGJQWPMX,,2025-03-12 20:00:00,482.2,2025-04-11 20:00:00,Faire,,
#BJBE4D9TET,,2025-03-10 19:00:00,468.21,2025-04-09 19:00:00,Faire,,
#XXYRBKEGBZ,,2025-03-12 16:00:00,188.74,2025-04-11 16:00:00,Faire,,
#6UDC5TPGFW,,2025-03-10 20:00:00,443.24,2025-04-09 20:00:00,Faire,,
#65PCD9GF3N,,2025-03-10 19:00:00,261.22,2025-04-09 19:00:00,Faire,,
#QGR48NCVEG,,2025-03-10 20:00:00,336.48,2025-04-09 20:00:00,Faire,,
#ARYPX6DX64,,2025-03-10 19:00:00,596.44,2025-04-09 19:00:00,Faire,,
#6VSY95MCHX,,2025-03-10 20:00:00,608.18,2025-04-09 20:00:00,Faire,,
#K7J59USNR3,,2025-03-10 20:00:00,147.21,2025-04-09 20:00:00,Faire,,
#A8DTSGE4EU,,2025-03-10 20:00:00,50.21,2025-04-09 20:00:00,Faire,,
#X92Y9QUG3T,,2025-03-10 21:00:00,704.67,2025-04-09 21:00:00,Faire,,
#TT8PPSCZGU,,2025-03-10 20:00:00,109.73,2025-04-09 20:00:00,Faire,,
#QY6WA4AAWY,,2025-03-11 17:00:00,1283.33,2025-04-10 17:00:00,Faire,,
#4CB8DJ2N8S,,2025-03-10 20:00:00,86.06,2025-04-09 20:00:00,Faire,,
#GRPR99FWRT,,2025-03-12 16:00:00,996.54,2025-04-11 16:00:00,Faire,,
S03908,,2025-03-10 21:00:00,2448.5,2025-03-10 21:00:00,Wholesale,,
#W8PY78U8MD,,2025-03-19 07:00:00,56.64,2025-04-18 07:00:00,Faire,,
#JA4AM44TEZ,,2025-03-08 00:00:00,48.89,2025-04-07 00:00:00,Faire,,
S03915,,2025-03-10 19:00:00,76.0,2025-03-10 19:00:00,Wholesale,,
S03891,,2025-03-10 17:00:00,424.0,2025-03-10 17:00:00,Wholesale,,
S03914,,2025-03-08 20:00:00,472.0,2025-04-07 20:00:00,Wholesale,,
S03913,,2025-03-08 19:00:00,329.0,2025-04-07 19:00:00,Wholesale,,
S03527,,2025-04-01 21:00:00,1177.5,2025-04-01 21:00:00,Wholesale,,
S03528,,2025-03-03 22:00:00,1536.33,2025-03-03 22:00:00,Wholesale,,
S03476,,2025-03-01 23:00:00,1836.4,2025-03-01 23:00:00,Wholesale,,
#HWT5YJMWMJ,,2025-03-17 12:59:59,98.13,2025-04-16 12:59:59,Faire,,
#VP75WJ63TH,,2025-03-07 15:00:00,612.38,2025-04-06 15:00:00,Faire,,
#4YWGY2K7PW,,2025-03-07 15:00:00,913.86,2025-04-06 15:00:00,Faire,,
#H3NG57YEMV,,2025-03-07 17:00:00,224.89,2025-04-06 17:00:00,Faire,,
#UBQNGFJWDH,,2025-03-07 15:00:00,722.97,2025-04-06 15:00:00,Faire,,
#7D5QAF6S6K,,2025-03-07 15:00:00,138.43,2025-04-06 15:00:00,Faire,,
S03909,,2025-03-07 23:00:00,2217.3,2025-04-06 23:00:00,Wholesale,,
#H7R23XYMQS,,2025-03-06 19:00:00,306.95,2025-04-05 19:00:00,Faire,,
#FMNQPQY65U,,2025-03-10 07:00:00,210.3,2025-04-09 07:00:00,Faire,,
S03625,,2025-03-14 21:00:00,1396.5,2025-04-13 21:00:00,Wholesale,,
S03907,,2025-03-07 18:00:00,413.5,2025-03-07 18:00:00,Wholesale,,
S03905,,2025-03-06 22:00:00,293.94,2025-03-06 22:00:00,Wholesale,,
#V2UT24S3MA,,2025-03-07 18:00:00,95.65,2025-04-06 18:00:00,Faire,,
#2DY73CBW6Y,,2025-03-06 18:00:00,231.75,2025-04-05 18:00:00,Faire,,
#V8N53N65RQ,,2025-03-06 18:00:00,1395.55,2025-04-05 18:00:00,Faire,,
#9WSYEN5YSF,,2025-03-06 18:00:00,429.12,2025-04-05 18:00:00,Faire,,
S03540,,2025-03-06 18:00:00,671.5,2025-03-06 18:00:00,Wholesale,,
#6QPFSFG86N,,2025-03-05 22:00:00,223.01,2025-04-04 22:00:00,Faire,,
S03902,,2025-03-05 18:00:00,920.87,2025-03-05 18:00:00,Wholesale,,
S03289,,2025-03-08 01:00:00,3399.16,2025-03-08 01:00:00,Wholesale,,
S03461,,2025-02-07 22:00:00,982.5,2025-02-07 22:00:00,Wholesale,,
S02789,,2025-04-10 18:00:00,520.0,2025-04-10 18:00:00,Wholesale,,
S03901,,2025-03-05 23:00:00,202.98,2025-03-05 23:00:00,Wholesale,,
#PV4NRGKWQA,,2025-03-14 12:59:59,312.36,2025-04-13 12:59:59,Faire,,
#XPDYZRKW7H,,2025-03-05 18:00:00,688.23,2025-04-04 18:00:00,Faire,,
#9ZY9KVHNYU,,2025-03-17 12:59:59,64.9,2025-04-16 12:59:59,Faire,,
#UHX527HYVH,,2025-03-14 12:59:59,131.73,2025-04-13 12:59:59,Faire,,
#ZXHJUEVBMX,,2025-03-05 15:00:00,1576.87,2025-04-04 15:00:00,Faire,,
#68S6DVTNK2,,2025-03-05 18:00:00,151.29,2025-04-04 18:00:00,Faire,,
#UFFBYNQSVN,,2025-03-05 18:00:00,245.91,2025-04-04 18:00:00,Faire,,
#A3JGXYTJVQ,,2025-03-05 15:00:00,95.65,2025-04-04 15:00:00,Faire,,
#RUXUQNFFSD,,2025-03-05 19:00:00,939.75,2025-04-04 19:00:00,Faire,,
#2TMZNVY2W3,,2025-03-05 15:00:00,1233.21,2025-04-04 15:00:00,Faire,,
S03513,,2025-03-10 19:00:00,1107.0,2025-03-10 19:00:00,Wholesale,,
S03900,,2025-03-07 19:00:00,1636.0,2025-03-07 19:00:00,Wholesale,,
S02798,,2025-03-17 21:00:00,1775.16,2025-04-16 21:00:00,Wholesale,,
S03899,,2025-03-05 17:00:00,316.5,2025-03-05 17:00:00,Wholesale,,
#Z5XSKKHJAD,,2025-03-04 17:00:00,234.4,2025-04-03 17:00:00,Faire,,
S03559,,2025-03-15 20:00:00,672.13,2025-03-15 20:00:00,Wholesale,,
#72ZNESTV7H,,2025-03-04 15:00:00,235.23,2025-04-03 15:00:00,Faire,,
#6Q6W8VPC39,,2025-03-04 17:00:00,405.0,2025-04-03 17:00:00,Faire,,
#4YDRF5FKWW,,2025-03-07 15:00:00,807.03,2025-04-06 15:00:00,Faire,,
#4JCR58H8AW,,2025-03-04 17:00:00,308.5,2025-04-03 17:00:00,Faire,,
S03894,,2025-03-06 19:00:00,1093.05,2025-04-05 19:00:00,Wholesale,,
S03896,,2025-03-04 20:00:00,637.0,2025-03-04 20:00:00,Wholesale,,
#F36TRETVNW,,2025-03-03 22:00:00,430.8,2025-04-02 22:00:00,Faire,,
S03895,,2025-03-03 19:00:00,789.0,2025-04-02 19:00:00,Wholesale,,
S03893,,2025-03-10 17:00:00,994.12,2025-04-09 17:00:00,Wholesale,,
#N2JQRBJWKV,,2025-03-07 18:00:00,158.63,2025-04-06 18:00:00,Faire,,
#QATFPAD273,,2025-03-03 20:00:00,349.33,2025-04-02 20:00:00,Faire,,
S03868,,2025-03-14 11:00:00,903.0,2025-03-14 11:00:00,Wholesale,,
S03832,,2025-02-17 23:00:00,892.78,2025-02-17 23:00:00,Wholesale,,
S03425,,2025-03-03 22:00:00,1592.5,2025-03-03 22:00:00,Wholesale,,
S03883,,2025-03-04 16:00:00,419.24,2025-03-04 16:00:00,Wholesale,,
S03424,,2025-03-03 22:00:00,1592.5,2025-03-03 22:00:00,Wholesale,,
S03777,,2025-03-15 18:00:00,396.0,2025-04-14 18:00:00,Wholesale,,
S03890,,2025-03-03 17:00:00,132.0,2025-04-02 17:00:00,Wholesale,,
#9VF89JMDQM,,2025-03-03 16:01:45,1425.34,2025-04-02 16:01:45,Faire,,
#8G4CQZ4S3U,,2025-03-17 12:59:59,98.13,2025-04-16 12:59:59,Faire,,
#4HN357ASEQ,,2025-03-14 12:59:59,312.36,2025-04-13 12:59:59,Faire,,
#9SK4PPR4HP,,2025-03-03 21:00:00,1834.16,2025-04-02 21:00:00,Faire,,
#YDZRW2BKCK,,2025-03-03 20:00:00,262.73,2025-04-02 20:00:00,Faire,,
#NQ6R7S8C58,,2025-03-03 15:00:00,429.57,2025-04-02 15:00:00,Faire,,
#7NYY3CMA5X,,2025-03-03 16:00:00,144.52,2025-04-02 16:00:00,Faire,,
#QFAVF3A4Q7,,2025-03-03 19:00:00,723.74,2025-04-02 19:00:00,Faire,,
#R5AYZBFTYR,,2025-03-03 19:00:00,253.76,2025-04-02 19:00:00,Faire,,
#G6SKU5HYFQ,,2025-03-03 16:00:00,951.62,2025-04-02 16:00:00,Faire,,
#F4ZZXS5EWY,,2025-03-05 22:00:00,294.98,2025-04-04 22:00:00,Faire,,
#SBKVUXWQ4C,,2025-02-28 19:00:00,188.82,2025-03-30 19:00:00,Faire,,
#GHRJ3ZP57V,,2025-02-28 21:00:00,434.91,2025-03-30 21:00:00,Faire,,
#QF8KX885Z9,,2025-02-28 16:00:00,96.69,2025-03-30 16:00:00,Faire,,
#FTKNJD8SFS,,2025-02-28 18:00:00,285.82,2025-03-30 18:00:00,Faire,,
#YFAFK5M3JE,,2025-02-28 16:00:00,248.67,2025-03-30 16:00:00,Faire,,
S03858,,2025-03-01 01:00:00,698.0,2025-03-01 01:00:00,Wholesale,,
S03882,,2025-02-28 22:00:00,130.0,2025-03-30 22:00:00,Wholesale,,
S03881,,2025-02-28 22:00:00,315.0,2025-03-30 22:00:00,Wholesale,,
S03880,,2025-02-28 22:00:00,65.0,2025-03-30 22:00:00,Wholesale,,
S03879,,2025-02-28 21:00:00,170.0,2025-03-30 21:00:00,Wholesale,,
S03878,,2025-02-28 21:00:00,20.0,2025-03-30 21:00:00,Wholesale,,
S03877,,2025-02-28 21:00:00,320.0,2025-03-30 21:00:00,Wholesale,,
S03876,,2025-02-28 21:00:00,130.0,2025-03-30 21:00:00,Wholesale,,
S03875,,2025-02-28 21:00:00,150.0,2025-03-30 21:00:00,Wholesale,,
S03874,,2025-02-28 21:00:00,85.0,2025-03-30 21:00:00,Wholesale,,
S03873,,2025-02-28 21:00:00,130.0,2025-03-30 21:00:00,Wholesale,,
S03872,,2025-02-28 21:00:00,20.0,2025-03-30 21:00:00,Wholesale,,
S03871,,2025-02-28 21:00:00,65.0,2025-03-30 21:00:00,Wholesale,,
#NJ6U5J3EV3,,2025-02-28 08:00:00,1507.82,2025-03-30 08:00:00,Faire,,
#JFR6JC8P7G,,2025-03-17 12:59:59,218.52,2025-04-16 12:59:59,Faire,,
#R8THXK6H2B,,2025-03-14 12:59:59,131.73,2025-04-13 12:59:59,Faire,,
S03811,,2025-02-28 14:00:00,1221.88,2025-02-28 14:00:00,Wholesale,,
S03867,,2025-02-27 23:00:00,1914.0,2025-02-27 23:00:00,Wholesale,,
S02790,,2025-02-28 20:00:00,1574.98,2025-03-30 20:00:00,Wholesale,,
S03857,,2025-02-24 22:00:00,600.0,2025-02-24 22:00:00,Wholesale,,
#6JCXE9PS6Q,,2025-02-27 17:00:00,37.79,2025-03-29 17:00:00,Faire,,
#8HRW3PWBYH,,2025-02-27 17:00:00,2.34,2025-03-29 17:00:00,Faire,,
#78C5B4QJCW,,2025-03-07 21:00:00,468.69,2025-04-06 21:00:00,Faire,,
#KXVPU8974W,,2025-02-27 16:00:00,143.22,2025-03-29 16:00:00,Faire,,
#2U7F639PQ4,,2025-02-27 16:00:00,116.23,2025-03-29 16:00:00,Faire,,
S03865,,2025-02-27 16:00:00,3618.03,2025-02-27 16:00:00,Wholesale,,
S03866,,2025-03-14 20:00:00,1832.34,2025-03-14 20:00:00,Wholesale,,
S03412,,2025-02-28 22:00:00,799.5,2025-02-28 22:00:00,Wholesale,,
#A7GZBXTKRA,,2025-03-17 12:59:59,131.73,2025-04-16 12:59:59,Faire,,
#GF3ABKGBJN,,2025-02-26 21:00:00,421.87,2025-03-28 21:00:00,Faire,,
S03864,,2025-02-27 16:00:00,613.0,2025-02-27 16:00:00,Wholesale,,
S03780,,2025-03-15 18:00:00,866.75,2025-04-14 18:00:00,Wholesale,,
#EH3TN9N5KR,,2025-02-26 17:00:00,73.45,2025-03-28 17:00:00,Faire,,
#UUZSJFKSE5,,2025-02-26 17:00:00,151.24,2025-03-28 17:00:00,Faire,,
#VJK8DWUHNV,,2025-02-26 17:00:00,158.39,2025-03-28 17:00:00,Faire,,
#B7WT76Q6RG,,2025-02-26 17:00:00,31.07,2025-03-28 17:00:00,Faire,,
S03862,,2025-02-26 22:00:00,574.45,2025-02-26 22:00:00,Wholesale,,
#WKKZWYJ2MM,,2025-02-26 22:00:00,472.55,2025-03-28 22:00:00,Faire,,
#7S5SYVSP55,,2025-03-17 12:59:59,76.9,2025-04-16 12:59:59,Faire,,
#SSXTU528P4,,2025-02-27 19:00:00,336.97,2025-03-29 19:00:00,Faire,,
S03552,,2025-02-24 20:00:00,595.31,2025-02-24 20:00:00,Wholesale,,
S03551,,2025-02-24 20:00:00,595.31,2025-02-24 20:00:00,Wholesale,,
S03550,,2025-02-24 20:00:00,595.31,2025-02-24 20:00:00,Wholesale,,
S03548,,2025-02-24 20:00:00,595.31,2025-02-24 20:00:00,Wholesale,,
S03549,,2025-02-24 20:00:00,595.31,2025-02-24 20:00:00,Wholesale,,
S03547,,2025-02-24 19:00:00,595.31,2025-02-24 19:00:00,Wholesale,,
S03555,,2025-02-24 20:00:00,595.31,2025-02-24 20:00:00,Wholesale,,
S03554,,2025-02-24 20:00:00,595.31,2025-02-24 20:00:00,Wholesale,,
S03391,,2025-02-24 21:00:00,595.31,2025-02-24 21:00:00,Wholesale,,
S03553,,2025-02-24 20:00:00,595.31,2025-02-24 20:00:00,Wholesale,,
#3UUY8GWEVQ,,2025-02-25 18:00:00,175.13,2025-03-27 18:00:00,Faire,,
#BK6X2S7KV7,,2025-02-25 18:00:00,221.17,2025-03-27 18:00:00,Faire,,
#V77NDH2MW4,,2025-02-25 18:00:00,207.31,2025-03-27 18:00:00,Faire,,
#DN9R3JTANT,,2025-02-25 18:00:00,121.19,2025-03-27 18:00:00,Faire,,
#CTHP8S3PCQ,,2025-02-25 18:00:00,155.37,2025-03-27 18:00:00,Faire,,
#ADQE4FYSGS,,2025-02-25 18:00:00,52.78,2025-03-27 18:00:00,Faire,,
S03645,,2025-02-24 16:00:00,7715.65,2025-03-26 16:00:00,Wholesale,,
S03856,,2025-02-25 21:00:00,137.99,2025-02-25 21:00:00,Wholesale,,
S03593,,2025-02-24 19:00:00,1563.31,2025-02-24 19:00:00,Wholesale,,
S03853,,2025-04-01 16:00:00,1519.8,2025-04-01 16:00:00,Wholesale,,
#8Q52QC83AD,,2025-02-25 18:00:00,257.42,2025-03-27 18:00:00,Faire,,
#F4M3JRCETE,,2025-02-24 15:00:00,134.8,2025-03-26 15:00:00,Faire,,
#NKNR8DX3AK,,2025-02-24 20:00:00,395.79,2025-03-26 20:00:00,Faire,,
#GP5BJUQ42Z,,2025-02-24 17:00:00,300.43,2025-03-26 17:00:00,Faire,,
#2KKFJ3A5VP,,2025-02-24 17:00:00,69.79,2025-03-26 17:00:00,Faire,,
#KBXNZYN7J2,,2025-02-24 18:00:00,882.11,2025-03-26 18:00:00,Faire,,
#YBRSRJUBXD,,2025-03-03 12:59:59,28.17,2025-04-02 12:59:59,Faire,,
#EFGG5TSES5,,2025-02-24 20:00:00,8.53,2025-03-26 20:00:00,Faire,,
#XKDF5UJTHS,,2025-02-24 20:00:00,1026.16,2025-03-26 20:00:00,Faire,,
#5BV4NZZ239,,2025-03-07 12:59:59,22.86,2025-04-06 12:59:59,Faire,,
S03851,,2025-02-22 21:00:00,2058.0,2025-03-24 21:00:00,Wholesale,,
#N7YHHMQMEH,,2025-02-21 18:00:00,201.42,2025-03-23 18:00:00,Faire,,
S03847,,2025-02-21 18:00:00,985.38,2025-03-23 18:00:00,Wholesale,,
#S5A5XRXJAZ,,2025-02-25 12:59:59,69.18,2025-03-27 12:59:59,Faire,,
#QAEPMM5BB5,,2025-02-21 21:00:00,1579.82,2025-03-23 21:00:00,Faire,,
#8Q7NQMT4NQ,,2025-02-21 18:00:00,65.71,2025-03-23 18:00:00,Faire,,
#P93YJWMJWP,,2025-02-21 19:00:00,772.66,2025-03-23 19:00:00,Faire,,
#MMN22K7NTT,,2025-02-21 19:00:00,200.98,2025-03-23 19:00:00,Faire,,
#SEA8UXP6XW,,2025-02-21 18:00:00,221.55,2025-03-23 18:00:00,Faire,,
S03849,,2025-03-14 19:00:00,651.75,2025-03-14 19:00:00,Wholesale,,
S03848,,2025-03-14 18:00:00,651.75,2025-03-14 18:00:00,Wholesale,,
#T9HWJR546C,,2025-02-20 21:00:00,283.5,2025-03-22 21:00:00,Faire,,
#YXANMRCQM4,,2025-02-20 17:00:00,428.17,2025-03-22 17:00:00,Faire,,
#NA4QRTGU2E,,2025-02-20 17:00:00,20.06,2025-03-22 17:00:00,Faire,,
#2HEJXGHAM5,,2025-03-10 12:59:59,46.74,2025-04-09 12:59:59,Faire,,
#WFVDAJNFHQ,,2025-03-03 12:59:59,56.64,2025-04-02 12:59:59,Faire,,
#K56AZ24M2S,,2025-02-20 17:00:00,113.4,2025-03-22 17:00:00,Faire,,
#2MGAAR88YU,,2025-02-20 18:00:00,1288.22,2025-03-22 18:00:00,Faire,,
#GXMYPTFGMB,,2025-03-15 12:59:59,294.02,2025-04-14 12:59:59,Faire,,
#C54YTR5EYR,,2025-03-01 12:59:59,347.1,2025-03-31 12:59:59,Faire,,
#SE7N3BGN2Y,,2025-02-20 17:00:00,84.16,2025-03-22 17:00:00,Faire,,
#H98BZACEQD,,2025-02-20 17:00:00,103.4,2025-03-22 17:00:00,Faire,,
#B5N2T6PM7F,,2025-02-20 17:00:00,73.05,2025-03-22 17:00:00,Faire,,
S03821,,2025-02-21 18:00:00,421.5,2025-02-21 18:00:00,Wholesale,,
S03803,,2025-02-19 21:00:00,715.91,2025-02-19 21:00:00,Wholesale,,
#7GEXGEHDGU,,2025-02-19 18:00:00,1359.14,2025-03-21 18:00:00,Faire,,
#94QSBKEUZV,,2025-02-19 20:00:00,255.0,2025-03-21 20:00:00,Faire,,
#5SW6TMCSZS,,2025-02-19 18:00:00,472.07,2025-03-21 18:00:00,Faire,,
S03839,,2025-02-19 20:00:00,1257.61,2025-02-19 20:00:00,Wholesale,,
S03824,,2025-02-14 18:00:00,827.45,2025-02-14 18:00:00,Wholesale,,
S03640,,2025-01-22 19:00:00,7929.0,2025-01-22 19:00:00,Wholesale,,
S03836,,2025-02-26 17:00:00,1404.0,2025-02-26 17:00:00,Wholesale,,
S03414,,2025-01-15 22:00:00,1332.5,2025-01-15 22:00:00,Wholesale,,
S03835,,2025-02-19 17:00:00,391.0,2025-03-21 17:00:00,Wholesale,,
S03798,,2025-03-14 18:00:00,825.34,2025-03-14 18:00:00,Wholesale,,
#54B9Z2S6EK,,2025-02-18 15:00:00,255.91,2025-03-20 15:00:00,Faire,,
#T29ZHTCJ8P,,2025-02-18 20:00:00,248.87,2025-03-20 20:00:00,Faire,,
#ATGPU8MG8M,,2025-02-18 19:00:00,102.39,2025-03-20 19:00:00,Faire,,
#3232JAUEU7,,2025-02-18 17:00:00,27.16,2025-03-20 17:00:00,Faire,,
#Z7ZU2NGT8Q,,2025-03-10 12:59:59,103.57,2025-04-09 12:59:59,Faire,,
#592X5YMNW4,,2025-02-18 20:00:00,547.77,2025-03-20 20:00:00,Faire,,
#KEBD8HSSSR,,2025-02-17 22:00:00,771.03,2025-03-19 22:00:00,Faire,,
S03785,,2025-02-14 19:00:00,689.0,2025-02-14 19:00:00,Wholesale,,
S03819,,2025-02-17 18:00:00,1317.15,2025-02-17 18:00:00,Wholesale,,
#Z9KBTWV938,,2025-03-14 11:59:59,250.48,2025-04-13 11:59:59,Faire,,
#H57C9K6C5Z,,2025-03-14 11:59:59,191.55,2025-04-13 11:59:59,Faire,,
#8P9R9DMBGG,,2025-03-14 11:59:59,513.61,2025-04-13 11:59:59,Faire,,
#S44ZZEYJ8M,,2025-03-14 11:59:59,95.63,2025-04-13 11:59:59,Faire,,
#8R2R5D3NWS,,2025-02-14 12:59:59,166.69,2025-03-16 12:59:59,Faire,,
#YKNY943WD9,,2025-02-11 16:00:00,253.76,2025-03-13 16:00:00,Faire,,
#ZZDVCF45UB,,2025-02-17 20:00:00,247.46,2025-03-19 20:00:00,Faire,,
#W59SC32GBW,,2025-02-17 22:00:00,109.73,2025-03-19 22:00:00,Faire,,
#3JSS7EVU39,,2025-02-17 22:00:00,109.52,2025-03-19 22:00:00,Faire,,
#MTV59YME2H,,2025-02-17 20:00:00,223.01,2025-03-19 20:00:00,Faire,,
#HQBVBCKW3F,,2025-02-17 20:00:00,104.83,2025-03-19 20:00:00,Faire,,
#7YJ4XF76M6,,2025-03-17 12:59:59,82.83,2025-04-16 12:59:59,Faire,,
#6ZM2BMC23A,,2025-02-18 19:00:00,5270.5,2025-03-20 19:00:00,Faire,,
#KXBWDR6ASZ,,2025-02-17 21:00:00,132.55,2025-03-19 21:00:00,Faire,,
S03833,,2025-02-16 23:00:00,856.11,2025-03-18 23:00:00,Wholesale,,
S03826,,2025-02-17 21:00:00,677.42,2025-03-19 21:00:00,Wholesale,,
S03820,,2025-02-17 18:00:00,1380.6,2025-02-17 18:00:00,Wholesale,,
S03507,,2025-02-07 21:00:00,1662.09,2025-02-07 21:00:00,Wholesale,,
S03612,,2025-02-01 19:00:00,1464.88,2025-03-03 19:00:00,Wholesale,,
S03608,,2025-02-01 18:00:00,1680.5,2025-02-01 18:00:00,Wholesale,,
S03825,,2025-03-10 18:00:00,1100.0,2025-03-10 18:00:00,Wholesale,,
S03799,,2025-02-14 20:00:00,561.0,2025-02-14 20:00:00,Wholesale,,
S03822,,2025-02-17 18:00:00,922.81,2025-03-19 18:00:00,Wholesale,,
S03308,,2025-01-10 19:00:00,1742.0,2025-01-10 19:00:00,Wholesale,,
S03812,,2025-03-19 16:00:00,357.0,2025-03-19 16:00:00,Wholesale,,
#9BFKAJ9V3B,,2025-02-14 20:00:00,49.19,2025-03-16 20:00:00,Faire,,
#W9MG5ZXC54,,2025-02-14 16:00:00,48.78,2025-03-16 16:00:00,Faire,,
#CDJGFYXKU8,,2025-02-17 12:59:59,29.62,2025-03-19 12:59:59,Faire,,
#UQ78TM63KK,,2025-02-24 12:59:59,93.79,2025-03-26 12:59:59,Faire,,
#74UWWJPQ82,,2025-02-14 20:00:00,970.49,2025-03-16 20:00:00,Faire,,
S03797,,2025-02-14 19:00:00,999.6,2025-02-14 19:00:00,Wholesale,,
S03805,,2025-02-18 22:00:00,1796.96,2025-02-18 22:00:00,Wholesale,,
S03809,,2025-04-15 20:00:00,2616.0,2025-04-15 20:00:00,Wholesale,,
#NNG43GF2G9,,2025-02-14 23:00:00,1364.94,2025-03-16 23:00:00,Faire,,
#ZFZDC37537,,2025-02-17 12:59:59,58.16,2025-03-19 12:59:59,Faire,,
#WFW5P979TF,,2025-02-13 20:00:00,374.2,2025-03-15 20:00:00,Faire,,
#WQDSFTENWR,,2025-02-13 21:00:00,322.73,2025-03-15 21:00:00,Faire,,
#26C4DEXBEW,,2025-02-13 18:00:00,109.92,2025-03-15 18:00:00,Faire,,
#6VHB6Y6FA6,,2024-03-01 12:59:59,199.52,2024-03-01 12:59:59,Faire,,
#4DW3288AGE,,2025-02-17 12:59:59,76.37,2025-03-19 12:59:59,Faire,,
#G6ZFK3TFWB,,2025-02-17 12:59:59,442.94,2025-03-19 12:59:59,Faire,,
#BJ27QTAV2X,,2025-03-17 12:59:59,97.5,2025-04-16 12:59:59,Faire,,
#HF5K7TFECB,,2025-02-12 17:00:00,47.79,2025-03-14 17:00:00,Faire,,
#72PCRXN68E,,2025-02-12 18:00:00,103.8,2025-03-14 18:00:00,Faire,,
#2KS9TXQESE,,2025-02-12 18:00:00,234.2,2025-03-14 18:00:00,Faire,,
#S3TJ82PUHT,,2025-02-12 20:00:00,565.86,2025-03-14 20:00:00,Faire,,
#UXMP4XG92N,,2025-02-17 12:59:59,64.9,2025-03-19 12:59:59,Faire,,
#ZNWRM3TMUV,,2025-02-12 15:00:00,764.46,2025-03-14 15:00:00,Faire,,
#UPY4796PFJ,,2025-03-17 12:59:59,227.9,2025-04-16 12:59:59,Faire,,
#GP73FXJ39B,,2025-02-17 12:59:59,200.08,2025-03-19 12:59:59,Faire,,
#Y3EUQ9V993,,2025-02-17 12:59:59,498.48,2025-03-19 12:59:59,Faire,,
S03767,,2025-02-07 21:00:00,546.46,2025-02-07 21:00:00,Wholesale,,
S03784,,2025-03-01 19:00:00,2614.0,2025-03-31 19:00:00,Wholesale,,
S03786,,2025-02-11 19:00:00,2731.0,2025-03-13 19:00:00,Wholesale,,
S03790,,2025-02-11 22:00:00,2947.0,2025-03-13 22:00:00,Wholesale,,
S03789,,2025-02-11 22:00:00,2587.0,2025-03-13 22:00:00,Wholesale,,
S03775,,2025-02-15 18:00:00,1852.1,2025-02-15 18:00:00,Wholesale,,
S03788,,2025-02-11 22:00:00,2947.0,2025-03-13 22:00:00,Wholesale,,
S03793,,2025-02-11 17:00:00,616.45,2025-02-11 17:00:00,Wholesale,,
S03744,,2025-02-05 19:00:00,364.0,2025-02-05 19:00:00,Wholesale,,
#5WXWTSFMGV,,2025-02-13 08:00:00,45.12,2025-03-15 08:00:00,Faire,,
#P6D4TKHGYQ,,2025-02-11 16:00:00,279.55,2025-03-13 16:00:00,Faire,,
S03606,,2025-02-11 17:00:00,740.23,2025-02-11 17:00:00,Wholesale,,
S03678,,2025-02-05 20:00:00,5138.6,2025-02-05 20:00:00,Wholesale,,
S03783,,2025-02-11 18:00:00,2032.0,2025-02-11 18:00:00,Wholesale,,
S03586,,2025-02-07 20:00:00,3613.16,2025-02-07 20:00:00,Wholesale,,
S03781,,2025-02-11 16:00:00,130.0,2025-02-11 16:00:00,Wholesale,,
#EKPUF46HGH,,2025-02-10 16:00:00,99.82,2025-03-12 16:00:00,Faire,,
#F73RDK648P,,2025-02-10 16:00:00,12.13,2025-03-12 16:00:00,Faire,,
#CSG6MKQ48Y,,2025-02-10 17:00:00,273.72,2025-03-12 17:00:00,Faire,,
#JK5C8EHFEE,,2025-02-11 16:00:00,526.35,2025-03-13 16:00:00,Faire,,
#KE7RATRMC7,,2025-03-03 12:59:59,56.64,2025-04-02 12:59:59,Faire,,
#Z5PPRPZ72U,,2025-02-10 12:59:59,29.62,2025-03-12 12:59:59,Faire,,
#JH2XPDNSQ6,,2025-02-10 15:00:00,189.36,2025-03-12 15:00:00,Faire,,
#4PSYTJMJVK,,2025-02-10 18:00:00,777.9,2025-03-12 18:00:00,Faire,,
#Q3KK2VTRWA,,2025-03-03 12:59:59,23.75,2025-04-02 12:59:59,Faire,,
#X7YJ72NHRA,,2025-02-10 16:00:00,369.51,2025-03-12 16:00:00,Faire,,
#65W59BYTAS,,2025-02-10 15:00:00,101.35,2025-03-12 15:00:00,Faire,,
#AHPURFQUY2,,2025-02-10 15:00:00,59.53,2025-03-12 15:00:00,Faire,,
#2NQPH25EYX,,2025-02-10 16:00:00,656.81,2025-03-12 16:00:00,Faire,,
#V5PBA8TDP9,,2025-02-10 18:00:00,376.01,2025-03-12 18:00:00,Faire,,
S03779,,2025-02-15 19:00:00,720.0,2025-03-17 19:00:00,Wholesale,,
#G92Q3CGR2K,,2025-02-07 15:00:00,29.97,2025-03-09 15:00:00,Faire,,
#WPMDCCGSGW,,2025-02-11 08:00:00,9.11,2025-03-13 08:00:00,Faire,,
S03721,,2025-03-03 20:00:00,437.0,2025-03-03 20:00:00,Wholesale,,
S03011,,2025-02-10 18:00:00,576.0,2025-03-12 18:00:00,Wholesale,,
S03009,,2025-02-10 18:00:00,996.0,2025-03-12 18:00:00,Wholesale,,
#9M9K3E4WTH,,2025-01-30 15:00:00,71.64,2025-03-01 15:00:00,Faire,,
S03012,,2025-02-10 18:00:00,576.0,2025-03-12 18:00:00,Wholesale,,
S03013,,2025-02-10 18:00:00,576.0,2025-03-12 18:00:00,Wholesale,,
S03014,,2025-02-10 18:00:00,576.0,2025-03-12 18:00:00,Wholesale,,
S03016,,2025-02-10 18:00:00,576.0,2025-03-12 18:00:00,Wholesale,,
S03015,,2025-02-10 18:00:00,576.0,2025-03-12 18:00:00,Wholesale,,
S03010,,2025-02-10 18:00:00,996.0,2025-03-12 18:00:00,Wholesale,,
S03006,,2025-02-10 18:00:00,996.0,2025-03-12 18:00:00,Wholesale,,
S03002,,2025-02-10 18:00:00,996.0,2025-03-12 18:00:00,Wholesale,,
S03742,,2025-02-06 18:00:00,638.86,2025-03-08 18:00:00,Wholesale,,
S03008,,2025-02-10 18:00:00,996.0,2025-03-12 18:00:00,Wholesale,,
S03007,,2025-02-10 18:00:00,996.0,2025-03-12 18:00:00,Wholesale,,
S03005,,2025-02-10 18:00:00,996.0,2025-03-12 18:00:00,Wholesale,,
S03004,,2025-02-10 18:00:00,996.0,2025-03-12 18:00:00,Wholesale,,
S03003,,2025-02-10 18:00:00,996.0,2025-03-12 18:00:00,Wholesale,,
S03001,,2025-02-10 18:00:00,996.0,2025-03-12 18:00:00,Wholesale,,
S03747,,2025-02-07 22:00:00,2582.98,2025-02-07 22:00:00,Wholesale,,
#EC2Q64F846,,2025-02-06 16:00:00,62.65,2025-03-08 16:00:00,Faire,,
#AJVT9VQ6Z6,,2025-02-06 17:00:00,23.81,2025-03-08 17:00:00,Faire,,
S03748,,2025-04-01 21:00:00,2059.4,2025-04-01 21:00:00,Wholesale,,
S03745,,2025-02-07 21:00:00,2398.8,2025-02-07 21:00:00,Wholesale,,
S03746,,2025-02-07 21:00:00,362.5,2025-02-07 21:00:00,Wholesale,,
S03675,,2025-04-15 16:00:00,764.0,2025-04-15 16:00:00,Wholesale,,
S03673,,2025-02-15 16:00:00,995.0,2025-02-15 16:00:00,Wholesale,,
S03377,,2025-03-01 19:00:00,2190.95,2025-03-01 19:00:00,Wholesale,,
S03652,,2025-03-01 23:00:00,1968.64,2025-03-01 23:00:00,Wholesale,,
S03637,,2025-02-10 18:00:00,2897.15,2025-02-10 18:00:00,Wholesale,,
#ZCPU4B9CUW,,2025-02-17 12:59:59,52.67,2025-03-19 12:59:59,Faire,,
#3RV2U5A66J,,2025-02-04 20:00:00,249.69,2025-03-06 20:00:00,Faire,,
#FGVN84D9BT,,2025-02-10 08:00:00,46.74,2025-03-12 08:00:00,Faire,,
S03731,,2025-02-04 17:00:00,120.0,2025-02-04 17:00:00,Wholesale,,
#2EZEKAF6FJ,,2025-02-04 16:00:00,301.45,2025-03-06 16:00:00,Faire,,
#TTQ32QWETT,,2025-03-17 12:59:59,41.2,2025-04-16 12:59:59,Faire,,
#4UFHWMHZGQ,,2025-02-04 15:00:00,158.92,2025-03-06 15:00:00,Faire,,
S03730,,2025-03-01 23:00:00,7411.84,2025-03-31 23:00:00,Wholesale,,
#EARBPAKAPC,,2025-02-17 12:59:59,52.67,2025-03-19 12:59:59,Faire,,
S03725,,2025-02-10 19:00:00,4092.63,2025-02-10 19:00:00,Wholesale,,
#VMCW949MS9,,2025-02-01 22:36:39,996.78,2025-03-03 22:36:39,Faire,,
#66Z5SY4T2R,,2025-02-18 16:00:00,220.44,2025-03-20 16:00:00,Faire,,
#WA8XGP57T9,,2025-02-04 19:00:00,1603.66,2025-03-06 19:00:00,Faire,,
#9ZB9QPCUT3,,2025-02-05 16:00:00,417.54,2025-03-07 16:00:00,Faire,,
#K3WF4JQWMM,,2025-02-03 19:00:00,112.99,2025-03-05 19:00:00,Faire,,
#2Y24YD26PH,,2025-02-13 12:59:59,201.42,2025-03-15 12:59:59,Faire,,
#HSHMP3G8DJ,,2025-02-03 15:00:00,198.34,2025-03-05 15:00:00,Faire,,
#RV885MXCSU,,2025-02-17 12:59:59,318.15,2025-03-19 12:59:59,Faire,,
#BPHG96NJHE,,2025-03-17 12:59:59,150.53,2025-04-16 12:59:59,Faire,,
#BGWHP5AM3D,,2025-02-03 17:00:00,450.84,2025-03-05 17:00:00,Faire,,
#CE7CG8Y6BK,,2025-02-03 16:00:00,45.21,2025-03-05 16:00:00,Faire,,
#QQKZDX4PEK,,2025-02-03 15:00:00,181.65,2025-03-05 15:00:00,Faire,,
#G75DB6CW24,,2025-02-07 22:00:00,97.5,2025-03-09 22:00:00,Faire,,
S03717,,2025-01-31 20:00:00,1864.5,2025-01-31 20:00:00,Wholesale,,
S03718,,2025-02-02 20:00:00,1227.91,2025-03-04 20:00:00,Wholesale,,
#9JPB24K8DM,,2025-03-10 11:59:59,236.08,2025-04-09 11:59:59,Faire,,
#WKDN68A8X3,,2025-03-10 07:00:00,637.29,2025-04-09 07:00:00,Faire,,
#B5W4P2FMAY,,2025-02-24 12:59:59,56.64,2025-03-26 12:59:59,Faire,,
#HYS3F35P6T,,2025-03-10 12:59:59,28.17,2025-04-09 12:59:59,Faire,,
#MCRK87JPX8,,2025-01-31 20:00:00,183.27,2025-03-02 20:00:00,Faire,,
S03716,,2025-02-17 19:00:00,2109.0,2025-02-17 19:00:00,Wholesale,,
S03715,,2025-02-07 19:00:00,943.0,2025-02-07 19:00:00,Wholesale,,
S03686,,2025-01-30 21:00:00,3644.4,2025-01-30 21:00:00,Wholesale,,
#XNPVCJ7AEJ,,2025-01-31 19:00:00,36.37,2025-03-02 19:00:00,Faire,,
S03677,,2025-02-07 20:00:00,1879.4,2025-02-07 20:00:00,Wholesale,,
S03668,,2025-01-28 00:00:00,298.98,2025-01-28 00:00:00,Wholesale,,
#NX9NXBJCWD,,2025-02-04 08:00:00,222.19,2025-03-06 08:00:00,Faire,,
#5HCSX689S9,,2025-02-11 00:00:00,40.95,2025-03-13 00:00:00,Faire,,
S03696,,2025-02-07 20:00:00,1623.45,2025-02-07 20:00:00,Wholesale,,
#9GKVW2ZT5J,,2025-01-31 16:00:00,249.09,2025-03-02 16:00:00,Faire,,
#BWJTUCZNJP,,2025-03-17 12:59:59,286.3,2025-04-16 12:59:59,Faire,,
#JCCW23UARB,,2025-03-10 12:59:59,42.4,2025-04-09 12:59:59,Faire,,
#8R53DHPG5J,,2025-03-03 12:59:59,170.5,2025-04-02 12:59:59,Faire,,
#5AGF8VDW5S,,2025-02-24 12:59:59,85.1,2025-03-26 12:59:59,Faire,,
#QKKP6Z3467,,2025-02-13 12:59:59,196.56,2025-03-15 12:59:59,Faire,,
#TZCCKJTY9N,,2025-02-10 12:59:59,112.12,2025-03-12 12:59:59,Faire,,
#VCS37RRSM5,,2025-01-31 17:00:00,380.39,2025-03-02 17:00:00,Faire,,
S03698,,2025-01-31 21:00:00,195.0,2025-03-02 21:00:00,Wholesale,,
S03701,,2025-01-31 21:00:00,130.0,2025-03-02 21:00:00,Wholesale,,
S03705,,2025-01-31 21:00:00,215.0,2025-03-02 21:00:00,Wholesale,,
S03706,,2025-01-31 21:00:00,185.0,2025-03-02 21:00:00,Wholesale,,
S03704,,2025-01-31 21:00:00,130.0,2025-03-02 21:00:00,Wholesale,,
S03699,,2025-01-31 21:00:00,415.0,2025-03-02 21:00:00,Wholesale,,
S03710,,2025-01-31 21:00:00,200.0,2025-03-02 21:00:00,Wholesale,,
S03709,,2025-01-31 21:00:00,185.0,2025-03-02 21:00:00,Wholesale,,
S03708,,2025-01-31 21:00:00,60.0,2025-03-02 21:00:00,Wholesale,,
S03707,,2025-01-31 21:00:00,75.0,2025-03-02 21:00:00,Wholesale,,
S03703,,2025-01-31 21:00:00,65.0,2025-03-02 21:00:00,Wholesale,,
S03702,,2025-01-31 21:00:00,55.0,2025-03-02 21:00:00,Wholesale,,
S03700,,2025-01-31 21:00:00,60.0,2025-03-02 21:00:00,Wholesale,,
S03697,,2025-01-31 21:00:00,55.0,2025-03-02 21:00:00,Wholesale,,
S03694,,2025-02-15 20:00:00,302.5,2025-02-15 20:00:00,Wholesale,,
S03693,,2025-01-30 21:00:00,1741.24,2025-01-30 21:00:00,Wholesale,,
S03690,,2025-01-30 21:00:00,844.45,2025-03-01 21:00:00,Wholesale,,
#N8PYM85ZMP,,2025-01-30 16:00:00,647.71,2025-03-01 16:00:00,Faire,,
#BARKPSA9V8,,2025-01-30 16:00:00,352.88,2025-03-01 16:00:00,Faire,,
#WD2AN774KB,,2025-02-07 18:00:00,438.78,2025-03-09 18:00:00,Faire,,
#ZCD77MMQXW,,2025-01-30 16:00:00,328.55,2025-03-01 16:00:00,Faire,,
#6JGZ4BWGJ4,,2025-01-30 15:00:00,111.95,2025-03-01 15:00:00,Faire,,
S03345,,2025-01-24 19:00:00,1290.31,2025-02-23 19:00:00,Wholesale,,
S03272,,2025-02-02 01:00:00,665.04,2025-03-04 01:00:00,Wholesale,,
S03273,,2025-02-16 01:00:00,625.92,2025-03-18 01:00:00,Wholesale,,
S03274,,2025-02-16 01:00:00,625.92,2025-03-18 01:00:00,Wholesale,,
S03687,,2025-03-15 20:00:00,540.0,2025-03-15 20:00:00,Wholesale,,
#KAZPXNHRT5,,2025-01-29 19:00:00,312.5,2025-02-28 19:00:00,Faire,,
#5WEZH46KAW,,2025-02-14 08:00:00,95.53,2025-03-16 08:00:00,Faire,,
#UQVS6H3KZ4,,2025-02-24 08:00:00,111.86,2025-03-26 08:00:00,Faire,,
#R53QECH3NE,,2025-02-04 08:00:00,191.55,2025-03-06 08:00:00,Faire,,
#FYJMNMR4YA,,2025-02-03 08:00:00,24.47,2025-03-05 08:00:00,Faire,,
S03146,,2025-02-04 19:00:00,319.7,2025-02-04 19:00:00,Wholesale,,
#DWDDF8TUVE,,2025-01-29 18:00:00,676.49,2025-02-28 18:00:00,Faire,,
#ZRBBYRSGYY,,2025-02-17 12:59:59,115.5,2025-03-19 12:59:59,Faire,,
S03683,,2025-01-29 17:00:00,380.0,2025-01-29 17:00:00,Wholesale,,
S03341,,2025-02-07 18:00:00,2281.91,2025-02-07 18:00:00,Wholesale,,
S02951,,2025-02-01 18:00:00,1904.5,2025-02-01 18:00:00,Wholesale,,
#HWHXNSY2F4,,2025-01-29 17:00:00,492.68,2025-02-28 17:00:00,Faire,,
#MKNSHT3TGH,,2025-01-29 15:00:00,540.08,2025-02-28 15:00:00,Faire,,
#Q9JV9E98W2,,2025-01-29 17:00:00,510.9,2025-02-28 17:00:00,Faire,,
#DDB6FFV3Y4,,2025-02-13 12:59:59,97.5,2025-03-15 12:59:59,Faire,,
#3DARE8U49U,,2025-01-29 17:00:00,438.57,2025-02-28 17:00:00,Faire,,
#F6JF6CG9JG,,2025-01-29 16:00:00,342.0,2025-02-28 16:00:00,Faire,,
#HH598QUEP7,,2025-01-29 16:00:00,136.4,2025-02-28 16:00:00,Faire,,
S03623,,2025-02-14 22:00:00,822.5,2025-03-16 22:00:00,Wholesale,,
S03192,,2024-11-27 00:00:00,17677.63,2024-11-27 00:00:00,Wholesale,,
S02952,,2025-02-01 19:00:00,1123.0,2025-02-01 19:00:00,Wholesale,,
S03490,,2025-02-01 16:00:00,718.0,2025-02-01 16:00:00,Wholesale,,
#X2U6KBA7ZF,,2025-02-13 12:59:59,128.07,2025-03-15 12:59:59,Faire,,
#MX4JH4RG4N,,2025-01-28 16:00:00,340.4,2025-02-27 16:00:00,Faire,,
#B9UAP2YG29,,2025-02-17 12:59:59,125.15,2025-03-19 12:59:59,Faire,,
#Z4MC5F8USE,,2025-02-07 15:00:00,488.11,2025-03-09 15:00:00,Faire,,
#EWD6D37JVP,,2025-02-03 08:00:00,115.92,2025-03-05 08:00:00,Faire,,
#W67NNV2XHE,,2025-02-03 08:00:00,56.84,2025-03-05 08:00:00,Faire,,
#ERWPHBDKUF,,2025-02-04 08:00:00,944.2,2025-03-06 08:00:00,Faire,,
#C36PS8WPT2,,2025-01-28 16:00:00,367.27,2025-02-27 16:00:00,Faire,,
#WXMM5ZQGAJ,,2025-01-28 16:00:00,98.73,2025-02-27 16:00:00,Faire,,
S03671,,2025-04-15 16:00:00,323.0,2025-04-15 16:00:00,Wholesale,,
S03472,,2025-04-01 16:00:00,4165.91,2025-04-01 16:00:00,Wholesale,,
S03347,,2025-04-15 18:00:00,1962.35,2025-04-15 18:00:00,Wholesale,,
S03638,,2025-01-22 19:00:00,7974.0,2025-01-22 19:00:00,Wholesale,,
S03639,,2025-01-22 19:00:00,10473.0,2025-01-22 19:00:00,Wholesale,,
S03641,,2025-03-14 18:00:00,8283.8,2025-03-14 18:00:00,Wholesale,,
S03642,,2025-03-14 19:00:00,7663.7,2025-03-14 19:00:00,Wholesale,,
S03670,,2025-02-15 16:00:00,2025.88,2025-02-15 16:00:00,Wholesale,,
#8E6SXSS25B,,2025-02-17 12:59:59,44.57,2025-03-19 12:59:59,Faire,,
#VMEABRM9XU,,2025-01-27 12:59:59,93.79,2025-02-26 12:59:59,Faire,,
#4XVJF9ANJA,,2025-01-27 18:00:00,478.53,2025-02-26 18:00:00,Faire,,
#6GY9UCDSAH,,2025-01-27 17:00:00,120.1,2025-02-26 17:00:00,Faire,,
#34MAEVGQKT,,2025-01-27 18:00:00,2467.2,2025-02-26 18:00:00,Faire,,
#T7VE9KK44V,,2025-02-13 12:59:59,82.13,2025-03-15 12:59:59,Faire,,
#R5QRW7YKMR,,2025-01-27 17:00:00,97.78,2025-02-26 17:00:00,Faire,,
#5NAC4V5A4V,,2025-01-27 20:00:00,978.42,2025-02-26 20:00:00,Faire,,
#QSV8296C4Y,,2025-01-27 18:00:00,201.95,2025-02-26 18:00:00,Faire,,
#VREPRDAE5B,,2025-01-27 19:00:00,858.2,2025-02-26 19:00:00,Faire,,
#KG5SZGJJZ8,,2025-01-27 12:59:59,49.23,2025-02-26 12:59:59,Faire,,
#PZCJVS87BP,,2025-01-27 16:00:00,365.22,2025-02-26 16:00:00,Faire,,
#X2JNUSHNMG,,2025-01-27 21:00:00,232.42,2025-02-26 21:00:00,Faire,,
#GX4C4CP8V2,,2025-01-27 20:00:00,411.52,2025-02-26 20:00:00,Faire,,
#5ZW76X59J9,,2025-02-17 12:59:59,176.03,2025-03-19 12:59:59,Faire,,
#Y4A8369WZ8,,2025-02-17 12:59:59,154.23,2025-03-19 12:59:59,Faire,,
#YA3KWD4K2N,,2025-01-27 12:59:59,28.72,2025-02-26 12:59:59,Faire,,
#PEP7AF6NM4,,2025-02-13 12:59:59,432.59,2025-03-15 12:59:59,Faire,,
#GHF3APNGW5,,2025-02-10 23:01:28,1569.73,2025-03-12 23:01:28,Faire,,
#G5JTHXAZZM,,2025-01-28 22:00:00,4701.01,2025-02-27 22:00:00,Faire,,
#6SFHYWD4BK,,2025-02-17 12:59:59,252.8,2025-03-19 12:59:59,Faire,,
#787SQ62W2M,,2025-02-17 05:00:00,1547.43,2025-03-19 05:00:00,Faire,,
#7HDXA3WATU,,2025-02-04 08:00:00,1726.1,2025-03-06 08:00:00,Faire,,
#PGD2CSYUV5,,2025-02-17 12:59:59,127.6,2025-03-19 12:59:59,Faire,,
#JGU38PUXFF,,2025-02-04 18:00:00,2807.58,2025-03-06 18:00:00,Faire,,
#2P2V5G64U8,,2025-02-10 12:59:59,57.26,2025-03-12 12:59:59,Faire,,
#DFJ2V3T4EP,,2025-01-27 12:59:59,143.83,2025-02-26 12:59:59,Faire,,
#HSE4BWKTUW,,2025-01-27 21:00:00,3000.15,2025-02-26 21:00:00,Faire,,
#BGKA3CR35Y,,2025-01-27 12:59:59,95.53,2025-02-26 12:59:59,Faire,,
#XRJPB4ADNR,,2025-01-27 21:00:00,1171.66,2025-02-26 21:00:00,Faire,,
#BSM6SD3HT2,,2025-01-27 20:00:00,462.23,2025-02-26 20:00:00,Faire,,
#223VKZUH9Z,,2025-01-27 15:00:00,389.31,2025-02-26 15:00:00,Faire,,
#E6TN5EQWU6,,2025-02-17 12:59:59,89.96,2025-03-19 12:59:59,Faire,,
#3G6K48PSKQ,,2025-02-17 12:59:59,44.83,2025-03-19 12:59:59,Faire,,
#KX7DQYA8GZ,,2025-01-27 12:59:59,18.85,2025-02-26 12:59:59,Faire,,
#ZVSMY26Y8S,,2025-01-27 20:00:00,470.28,2025-02-26 20:00:00,Faire,,
#GBW93Z97B9,,2025-02-10 12:59:59,38.0,2025-03-12 12:59:59,Faire,,
#SP6F828TBN,,2025-01-27 20:00:00,143.17,2025-02-26 20:00:00,Faire,,
#FTD3GVH8EU,,2025-02-07 21:00:00,1152.45,2025-03-09 21:00:00,Faire,,
#S8E34VNYF5,,2025-02-17 23:59:57,1893.09,2025-03-19 23:59:57,Faire,,
#R3M46K4PE7,,2025-02-13 12:59:59,134.01,2025-03-15 12:59:59,Faire,,
#WAV6KKDGJN,,2025-01-27 20:00:00,306.1,2025-02-26 20:00:00,Faire,,
#YC2CVDTH54,,2025-02-17 12:59:59,1014.23,2025-03-19 12:59:59,Faire,,
#CVRKEX7PMV,,2025-01-27 22:00:00,417.3,2025-02-26 22:00:00,Faire,,
#6B2SS7PUQ8,,2025-01-27 21:00:00,439.65,2025-02-26 21:00:00,Faire,,
#V3KKPF8P9F,,2025-01-27 20:00:00,97.8,2025-02-26 20:00:00,Faire,,
#54QEMENCU3,,2025-02-17 12:59:59,510.81,2025-03-19 12:59:59,Faire,,
#CZ8ZBBE7DY,,2025-01-27 20:00:00,940.34,2025-02-26 20:00:00,Faire,,
#MZZD4A7AB3,,2025-01-28 15:00:00,256.11,2025-02-27 15:00:00,Faire,,
#U974JTQK3A,,2025-01-27 21:00:00,2091.68,2025-02-26 21:00:00,Faire,,
#APGGHU8YBH,,2025-02-13 12:59:59,108.84,2025-03-15 12:59:59,Faire,,
#Y9RBSB83ZV,,2025-02-04 08:00:00,135.7,2025-03-06 08:00:00,Faire,,
#VEWK8B7GKW,,2025-02-03 08:00:00,2707.98,2025-03-05 08:00:00,Faire,,
#3EG8FR9GZW,,2025-02-03 08:00:00,2920.4,2025-03-05 08:00:00,Faire,,
#7SCP46489U,,2025-02-03 08:00:00,328.76,2025-03-05 08:00:00,Faire,,
#2WAYABPPSF,,2025-02-04 00:42:50,1743.04,2025-03-06 00:42:50,Faire,,
#8RSH53HJA3,,2025-02-04 08:00:00,553.74,2025-03-06 08:00:00,Faire,,
#24XXJN373G,,2025-02-04 08:00:00,640.71,2025-03-06 08:00:00,Faire,,
#8BS4855D3N,,2025-02-04 08:00:00,338.45,2025-03-06 08:00:00,Faire,,
S03450,,2025-01-24 21:00:00,1384.65,2025-01-24 21:00:00,Wholesale,,
S03667,,2025-02-15 20:00:00,2359.84,2025-02-15 20:00:00,Wholesale,,
S03649,,2025-01-23 22:00:00,3298.5,2025-01-23 22:00:00,Wholesale,,
S03426,,2025-01-27 22:00:00,3128.37,2025-01-27 22:00:00,Wholesale,,
S03665,,2025-03-07 18:00:00,185.26,2025-03-07 18:00:00,Wholesale,,
S03664,,2025-02-07 18:00:00,297.83,2025-02-07 18:00:00,Wholesale,,
#UVKW85C7GK,,2025-01-27 16:00:00,651.47,2025-02-26 16:00:00,Faire,,
#CHGH989HBA,,2025-01-28 16:00:00,1123.83,2025-02-27 16:00:00,Faire,,
#NVN585FPYW,,2025-01-27 16:00:00,416.82,2025-02-26 16:00:00,Faire,,
#PQ85UYAH26,,2025-01-27 17:00:00,297.82,2025-02-26 17:00:00,Faire,,
#TRHKFFK8UU,,2025-01-27 22:00:00,993.22,2025-02-26 22:00:00,Faire,,
#NZ826CW9WK,,2025-01-27 12:59:59,16.07,2025-02-26 12:59:59,Faire,,
#NAZ8DXKUCQ,,2025-01-27 20:00:00,286.45,2025-02-26 20:00:00,Faire,,
#MVNEWPGCQ7,,2025-01-27 18:00:00,3795.28,2025-02-26 18:00:00,Faire,,
#WBVMBZK7S4,,2025-02-17 12:59:59,336.51,2025-03-19 12:59:59,Faire,,
#663RUT9UZ2,,2025-01-27 18:00:00,2058.11,2025-02-26 18:00:00,Faire,,
#KS5ZFJ429D,,2025-01-28 17:00:00,1730.46,2025-02-27 17:00:00,Faire,,
#KPNQ9S6KDV,,2025-01-27 17:00:00,228.0,2025-02-26 17:00:00,Faire,,
#39J2F57CE8,,2025-01-27 16:00:00,132.67,2025-02-26 16:00:00,Faire,,
#DN6FNGG744,,2025-01-27 16:00:00,307.04,2025-02-26 16:00:00,Faire,,
#TXQ2FKDFNS,,2025-01-27 16:00:00,269.13,2025-02-26 16:00:00,Faire,,
#U68FJMXP2G,,2025-01-27 16:00:00,364.89,2025-02-26 16:00:00,Faire,,
#Y3S4GWF7ZH,,2025-01-27 16:00:00,165.58,2025-02-26 16:00:00,Faire,,
#T3YR5JNWVS,,2025-02-13 12:59:59,328.66,2025-03-15 12:59:59,Faire,,
#H2NXN5RTQZ,,2025-01-24 08:00:00,1415.19,2025-02-23 08:00:00,Faire,,
#2NVTJZ3YWB,,2025-01-27 08:00:00,4605.99,2025-02-26 08:00:00,Faire,,
S03326,,2025-04-15 17:00:00,257.5,2025-04-15 17:00:00,Wholesale,,
#SHUZRU5DT7,,2025-01-27 21:00:00,329.19,2025-02-26 21:00:00,Faire,,
#WE3ECTYUUT,,2025-01-23 22:00:00,307.85,2025-02-22 22:00:00,Faire,,
#67W2M5B27Y,,2025-01-24 16:00:00,365.91,2025-02-23 16:00:00,Faire,,
#6H62BT4WSW,,2025-01-31 12:59:59,57.75,2025-03-02 12:59:59,Faire,,
#J479VSBBWH,,2025-01-27 22:00:00,1907.92,2025-02-26 22:00:00,Faire,,
#5KX9N4ZA37,,2025-01-24 22:00:00,1777.05,2025-02-23 22:00:00,Faire,,
#T75BMZQRRR,,2025-02-17 12:59:59,153.18,2025-03-19 12:59:59,Faire,,
#RF7QQWYEW2,,2025-01-24 22:00:00,868.49,2025-02-23 22:00:00,Faire,,
#69BKVE4BDN,,2025-01-27 12:59:59,289.94,2025-02-26 12:59:59,Faire,,
#VG7FWWCXE6,,2025-01-24 23:00:00,2688.99,2025-02-23 23:00:00,Faire,,
#VFVHK6UP74,,2025-02-03 05:00:00,217.59,2025-03-05 05:00:00,Faire,,
#6NG55NNVAR,,2025-01-23 20:00:00,181.02,2025-02-22 20:00:00,Faire,,
#AN4QGY2HWC,,2025-01-23 21:00:00,326.2,2025-02-22 21:00:00,Faire,,
#GNPFMWFD6F,,2025-01-23 20:00:00,203.95,2025-02-22 20:00:00,Faire,,
#5M9P555872,,2025-01-27 12:59:59,73.99,2025-02-26 12:59:59,Faire,,
#TD3VT39WX8,,2025-01-23 20:00:00,553.68,2025-02-22 20:00:00,Faire,,
#SMCKZ3KCUS,,2025-02-17 12:59:59,107.76,2025-03-19 12:59:59,Faire,,
#NQN5GHASU4,,2025-01-24 16:00:00,129.34,2025-02-23 16:00:00,Faire,,
#7H7GCHAN2K,,2025-01-27 23:00:00,6110.7,2025-02-26 23:00:00,Faire,,
#EADVMC9ECV,,2025-01-24 12:59:59,98.9,2025-02-23 12:59:59,Faire,,
#JBRUBQZB3J,,2025-01-24 22:00:00,639.96,2025-02-23 22:00:00,Faire,,
#UCHTNPANWD,,2025-01-24 16:00:00,381.65,2025-02-23 16:00:00,Faire,,
#UP6J4WHUUA,,2025-01-23 18:00:00,220.64,2025-02-22 18:00:00,Faire,,
#8DX5TV6MYG,,2025-01-23 19:00:00,306.31,2025-02-22 19:00:00,Faire,,
#NSFPW4GQXP,,2025-01-23 20:00:00,328.72,2025-02-22 20:00:00,Faire,,
#96RSGS8SGV,,2025-01-24 18:00:00,1269.7,2025-02-23 18:00:00,Faire,,
#R4Y667S95Q,,2025-01-27 23:00:00,1331.61,2025-02-26 23:00:00,Faire,,
#2SCF68UUXM,,2025-01-23 20:00:00,272.52,2025-02-22 20:00:00,Faire,,
#SZ4R8VEX66,,2025-01-23 20:00:00,1213.35,2025-02-22 20:00:00,Faire,,
#JZGP6BNBZE,,2025-01-23 20:00:00,106.15,2025-02-22 20:00:00,Faire,,
#QHDCXC83W2,,2025-01-26 08:00:00,3154.91,2025-02-25 08:00:00,Faire,,
#B6H25GKR9K,,2025-01-26 08:00:00,5362.41,2025-02-25 08:00:00,Faire,,
#CASCNDB2NB,,2025-01-26 08:00:00,3285.37,2025-02-25 08:00:00,Faire,,
#R6K72ZYWVR,,2025-01-23 08:00:00,917.22,2025-02-22 08:00:00,Faire,,
S03492,,2025-03-14 16:00:00,660.75,2025-03-14 16:00:00,Wholesale,,
S03421,,2025-02-15 21:00:00,540.0,2025-03-17 21:00:00,Wholesale,,
S03477,,2025-02-01 23:00:00,514.95,2025-02-01 23:00:00,Wholesale,,
S03512,,2025-01-27 20:00:00,4223.0,2025-01-27 20:00:00,Wholesale,,
S03526,,2025-04-01 21:00:00,503.41,2025-04-01 21:00:00,Wholesale,,
S03650,,2025-03-07 22:00:00,64.0,2025-03-07 22:00:00,Wholesale,,
S03648,,2025-03-15 18:00:00,1896.5,2025-03-15 18:00:00,Wholesale,,
S03646,,2025-01-23 17:00:00,1068.37,2025-01-23 17:00:00,Wholesale,,
S03592,,2025-01-23 18:00:00,636.0,2025-01-23 18:00:00,Wholesale,,
S03616,,2025-03-15 20:00:00,1597.44,2025-03-15 20:00:00,Wholesale,,
S03212,,2025-01-23 18:00:00,805.0,2025-01-23 18:00:00,Wholesale,,
S03213,,2025-01-23 18:00:00,1541.88,2025-01-23 18:00:00,Wholesale,,
S03628,,2025-01-23 13:00:00,7401.67,2025-02-22 13:00:00,Wholesale,,
S03635,,2025-04-14 18:00:00,441.0,2025-04-14 18:00:00,Wholesale,,
S03603,,2025-03-15 20:00:00,1369.0,2025-04-14 20:00:00,Wholesale,,
S03634,,2025-04-15 17:00:00,452.5,2025-04-15 17:00:00,Wholesale,,
S03629,,2025-02-01 14:00:00,4425.0,2025-03-03 14:00:00,Wholesale,,
#NTZ69HNDAM,,2025-01-22 20:00:00,340.1,2025-02-21 20:00:00,Faire,,
#JJ47JBARAG,,2025-01-22 20:00:00,198.3,2025-02-21 20:00:00,Faire,,
#TF8227FBF4,,2025-01-23 19:00:00,849.71,2025-02-22 19:00:00,Faire,,
#V5S3B85E2D,,2025-01-22 20:00:00,251.61,2025-02-21 20:00:00,Faire,,
#4HHHGCX94F,,2025-02-01 01:03:39,819.43,2025-03-03 01:03:39,Faire,,
#TKEQSDBDE7,,2025-01-31 12:59:59,49.73,2025-03-02 12:59:59,Faire,,
#6T9X8HBMEX,,2025-01-22 20:00:00,464.61,2025-02-21 20:00:00,Faire,,
#DXJSMD8W5C,,2025-01-23 17:00:00,1117.3,2025-02-22 17:00:00,Faire,,
#97J3ECXJKF,,2025-02-17 23:09:46,869.57,2025-03-19 23:09:46,Faire,,
#WBKEWV4W5R,,2025-02-17 12:59:59,141.24,2025-03-19 12:59:59,Faire,,
#2CDEYZRM9F,,2025-02-17 12:59:59,90.36,2025-03-19 12:59:59,Faire,,
#KK6EZSKR2G,,2025-01-22 20:00:00,466.64,2025-02-21 20:00:00,Faire,,
#9ZTFDKTH98,,2025-01-22 22:00:00,1974.78,2025-02-21 22:00:00,Faire,,
S03643,,2025-01-22 21:00:00,808.09,2025-02-21 21:00:00,Wholesale,,
#5V4RGJ4UZZ,,2025-01-24 08:00:00,484.86,2025-02-23 08:00:00,Faire,,
#JNEMEXPBVA,,2025-01-22 20:00:00,604.21,2025-02-21 20:00:00,Faire,,
#CY5YHVAKJE,,2025-01-23 19:00:00,4502.04,2025-02-22 19:00:00,Faire,,
#SDQB43CEQS,,2025-02-17 12:59:59,514.45,2025-03-19 12:59:59,Faire,,
#MTNKHWK6JV,,2025-01-27 12:59:59,18.87,2025-02-26 12:59:59,Faire,,
#NNJSQBKTU8,,2025-01-22 22:00:00,1059.19,2025-02-21 22:00:00,Faire,,
#NUDT5ZAH62,,2025-01-22 22:00:00,209.57,2025-02-21 22:00:00,Faire,,
S03633,,2025-01-22 17:00:00,1043.5,2025-02-21 17:00:00,Wholesale,,
#GEZMAPK86X,,2025-01-21 22:00:00,986.08,2025-02-20 22:00:00,Faire,,
#T7VFBJR5EX,,2025-01-24 08:00:00,1787.44,2025-02-23 08:00:00,Faire,,
#KET44W3KQH,,2025-02-17 12:59:59,365.19,2025-03-19 12:59:59,Faire,,
#VBTVHSYXGZ,,2025-01-21 20:00:00,180.67,2025-02-20 20:00:00,Faire,,
#EG36NXYWYC,,2025-01-22 22:00:00,904.75,2025-02-21 22:00:00,Faire,,
#R523X6AG6K,,2025-01-26 14:53:25,513.26,2025-02-25 14:53:25,Faire,,
#JYAU4V98JQ,,2025-01-23 08:00:00,3489.89,2025-02-22 08:00:00,Faire,,
#3V3NR4BMEE,,2025-02-17 12:59:59,87.0,2025-03-19 12:59:59,Faire,,
#VDQHHS3ZY3,,2025-01-24 08:00:00,671.26,2025-02-23 08:00:00,Faire,,
#5Y8A4FNQFQ,,2025-01-24 08:00:00,421.91,2025-02-23 08:00:00,Faire,,
#URB2ZB28HG,,2025-01-24 08:00:00,679.57,2025-02-23 08:00:00,Faire,,
#EFZMUW54MA,,2025-02-17 12:59:59,126.89,2025-03-19 12:59:59,Faire,,
#2NDCXY94AZ,,2025-01-24 08:00:00,917.89,2025-02-23 08:00:00,Faire,,
#AFKB7V32GR,,2025-01-24 08:00:00,205.23,2025-02-23 08:00:00,Faire,,
#536HMBBZQ2,,2025-01-31 12:59:59,24.72,2025-03-02 12:59:59,Faire,,
#EMQV42DEQP,,2025-01-27 12:59:59,24.72,2025-02-26 12:59:59,Faire,,
#D9WGMNSVRV,,2025-01-24 08:00:00,1027.79,2025-02-23 08:00:00,Faire,,
#YX9DZEWGEA,,2025-01-24 08:00:00,220.09,2025-02-23 08:00:00,Faire,,
#RTPQDB99FR,,2025-01-21 16:00:00,310.98,2025-02-20 16:00:00,Faire,,
#UG6K5GSEPR,,2025-01-21 16:00:00,206.31,2025-02-20 16:00:00,Faire,,
S03618,,2025-02-01 21:00:00,1737.37,2025-02-01 21:00:00,Wholesale,,
S03480,,2025-01-25 00:00:00,2496.05,2025-01-25 00:00:00,Wholesale,,
S03622,,2025-01-21 22:00:00,18189.5,2025-02-20 22:00:00,Wholesale,,
S03619,,2025-03-01 21:00:00,606.71,2025-03-01 21:00:00,Wholesale,,
S03617,,2025-01-21 21:00:00,2389.5,2025-02-20 21:00:00,Wholesale,,
S03416,,2025-02-25 22:00:00,913.0,2025-03-27 22:00:00,Wholesale,,
S03587,,2025-01-20 21:00:00,5088.26,2025-02-19 21:00:00,Wholesale,,
S03611,,2025-03-03 18:00:00,2500.09,2025-04-02 18:00:00,Wholesale,,
S03588,,2025-01-24 22:00:00,2039.44,2025-01-24 22:00:00,Wholesale,,
#8H2A8A9HHF,,2025-01-15 12:59:59,505.0,2025-02-14 12:59:59,Faire,,
S03446,,2025-01-20 22:00:00,1230.0,2025-01-20 22:00:00,Wholesale,,
S03571,,2025-01-20 18:00:00,602.25,2025-02-19 18:00:00,Wholesale,,
#ES57X93EUT,,2025-03-17 12:59:59,163.75,2025-04-16 12:59:59,Faire,,
#MXV7PQRXC4,,2025-02-17 12:59:59,248.67,2025-03-19 12:59:59,Faire,,
#72VMFSCWA6,,2025-01-20 12:59:59,219.72,2025-02-19 12:59:59,Faire,,
#KZQM8X6B47,,2025-01-20 16:00:00,310.34,2025-02-19 16:00:00,Faire,,
S03598,,2025-01-20 18:00:00,832.5,2025-01-20 18:00:00,Wholesale,,
#8F8QNTFEZG,,2025-01-20 16:00:00,276.72,2025-02-19 16:00:00,Faire,,
#MZQS556FTN,,2025-01-23 08:00:00,370.9,2025-02-22 08:00:00,Faire,,
#82DE4F8AC7,,2025-01-27 12:59:59,23.75,2025-02-26 12:59:59,Faire,,
#9AUMFFV4D6,,2025-01-20 16:00:00,91.16,2025-02-19 16:00:00,Faire,,
S03564,,2025-01-20 23:00:00,644.25,2025-02-19 23:00:00,Wholesale,,
S03288,,2025-03-04 00:00:00,644.48,2025-03-04 00:00:00,Wholesale,,
S03256,,2025-01-10 17:00:00,13479.0,2025-01-10 17:00:00,Wholesale,,
#2BX64EEXBT,,2025-01-17 19:00:00,145.61,2025-02-16 19:00:00,Faire,,
#CXZVG7AWS4,,2025-01-17 19:00:00,140.39,2025-02-16 19:00:00,Faire,,
S03422,,2025-01-29 21:00:00,903.5,2025-02-28 21:00:00,Wholesale,,
S03197,,2025-01-15 19:00:00,3655.75,2025-01-15 19:00:00,Wholesale,,
S03485,,2025-04-15 11:00:00,930.5,2025-04-15 11:00:00,Wholesale,,
S03484,,2025-01-17 11:00:00,3059.46,2025-01-17 11:00:00,Wholesale,,
S03483,,2025-03-15 10:00:00,6581.09,2025-03-15 10:00:00,Wholesale,,
S03380,,2025-04-15 20:00:00,1415.5,2025-04-15 20:00:00,Wholesale,,
S03584,,2025-01-24 20:00:00,1503.42,2025-02-23 20:00:00,Wholesale,,
S03577,,2025-03-15 18:00:00,680.0,2025-03-15 18:00:00,Wholesale,,
S03576,,2025-02-15 19:00:00,537.5,2025-02-15 19:00:00,Wholesale,,
S03575,,2025-03-01 19:00:00,732.5,2025-03-01 19:00:00,Wholesale,,
S03572,,2025-01-17 18:00:00,1226.75,2025-01-17 18:00:00,Wholesale,,
S03573,,2025-03-15 17:00:00,946.75,2025-03-15 17:00:00,Wholesale,,
S03565,,2025-01-17 17:00:00,658.99,2025-01-17 17:00:00,Wholesale,,
S03568,,2025-01-17 18:00:00,581.0,2025-02-16 18:00:00,Wholesale,,
S03491,,2025-02-03 16:00:00,933.5,2025-02-03 16:00:00,Wholesale,,
S03454,,2025-03-01 22:00:00,760.0,2025-03-01 22:00:00,Wholesale,,
S03453,,2025-01-15 22:00:00,1144.0,2025-01-15 22:00:00,Wholesale,,
S03508,,2025-01-20 21:00:00,522.44,2025-01-20 21:00:00,Wholesale,,
#C5XZ9F2T9Y,,2025-01-31 12:59:59,23.75,2025-03-02 12:59:59,Faire,,
#UZMKEDUHCX,,2025-01-16 19:00:00,110.21,2025-02-15 19:00:00,Faire,,
#KC9UYADGN5,,2025-01-21 20:00:00,463.86,2025-02-20 20:00:00,Faire,,
S03427,,2025-02-01 22:00:00,471.5,2025-02-01 22:00:00,Wholesale,,
S03545,,2025-01-16 19:00:00,803.6,2025-01-16 19:00:00,Wholesale,,
S03502,,2025-03-15 18:00:00,1092.37,2025-04-14 18:00:00,Wholesale,,
S03497,,2025-02-15 17:00:00,2482.26,2025-03-17 17:00:00,Wholesale,,
S03486,,2025-04-15 15:00:00,1487.94,2025-04-15 15:00:00,Wholesale,,
S03534,,2025-01-15 23:00:00,3985.75,2025-02-14 23:00:00,Wholesale,,
S03495,,2025-01-15 17:00:00,3857.62,2025-02-14 17:00:00,Wholesale,,
#ZWP6JMP4A3,,2025-01-15 17:00:00,131.73,2025-02-14 17:00:00,Faire,,
#RDR4BCH8Q5,,2025-01-20 12:59:59,32.3,2025-02-19 12:59:59,Faire,,
#2YD5D6TEMT,,2025-03-17 12:59:59,131.73,2025-04-16 12:59:59,Faire,,
#8NM3GX4AVP,,2025-01-15 21:00:00,540.73,2025-02-14 21:00:00,Faire,,
#G6AWK87YQQ,,2025-01-15 17:00:00,84.46,2025-02-14 17:00:00,Faire,,
#HA5FWVE2J7,,2025-01-22 12:59:59,63.27,2025-02-21 12:59:59,Faire,,
#GWVM9S3TGU,,2025-01-20 12:59:59,31.49,2025-02-19 12:59:59,Faire,,
#6KW4FP8CUC,,2025-01-15 12:59:59,31.49,2025-02-14 12:59:59,Faire,,
#X5XYEE92EV,,2025-01-15 21:00:00,759.9,2025-02-14 21:00:00,Faire,,
S03462,,2025-01-22 20:00:00,1474.88,2025-02-21 20:00:00,Wholesale,,
S03511,,2025-03-19 19:00:00,218.5,2025-04-18 19:00:00,Wholesale,,
#CDY5D5FD8Z,,2025-01-09 15:00:00,101.49,2025-02-08 15:00:00,Faire,,
S03510,,2025-04-07 19:00:00,950.95,2025-04-07 19:00:00,Wholesale,,
S03456,,2025-04-07 21:00:00,950.95,2025-04-07 21:00:00,Wholesale,,
S03496,,2025-03-07 18:00:00,723.0,2025-04-06 18:00:00,Wholesale,,
S03390,,2025-03-15 20:00:00,294.0,2025-03-15 20:00:00,Wholesale,,
S03388,,2025-01-15 21:00:00,920.0,2025-01-15 21:00:00,Wholesale,,
S03482,,2025-01-16 01:00:00,4236.5,2025-01-16 01:00:00,Wholesale,,
S03423,,2025-01-17 22:00:00,240.0,2025-01-17 22:00:00,Wholesale,,
#6DUNMVC6DC,,2025-01-16 08:00:00,458.78,2025-02-15 08:00:00,Faire,,
#7QYVMQ336F,,2025-03-03 12:59:59,56.64,2025-04-02 12:59:59,Faire,,
#X2WQGCE62U,,2025-01-22 12:59:59,62.87,2025-02-21 12:59:59,Faire,,
#BNQQ29USGX,,2025-01-15 12:59:59,154.1,2025-02-14 12:59:59,Faire,,
#C8CRHCYT9C,,2025-01-14 17:00:00,1930.55,2025-02-13 17:00:00,Faire,,
#DXY9VP94A8,,2025-01-14 18:00:00,92.21,2025-02-13 18:00:00,Faire,,
#FT6D9WE2CV,,2025-02-01 12:59:59,28.17,2025-03-03 12:59:59,Faire,,
#X3NVJFHAH9,,2025-01-14 16:00:00,140.11,2025-02-13 16:00:00,Faire,,
S03292,,2025-01-15 03:00:00,1150.0,2025-01-15 03:00:00,Wholesale,,
S03451,,2025-02-15 22:00:00,12553.25,2025-02-15 22:00:00,Wholesale,,
S03343,,2025-02-03 19:00:00,1738.31,2025-02-03 19:00:00,Wholesale,,
S03348,,2025-04-01 19:00:00,811.92,2025-04-01 19:00:00,Wholesale,,
S03389,,2025-02-15 21:00:00,1447.58,2025-02-15 21:00:00,Wholesale,,
S03381,,2025-02-03 21:00:00,528.7,2025-02-03 21:00:00,Wholesale,,
S03378,,2025-03-15 20:00:00,9513.5,2025-03-15 20:00:00,Wholesale,,
S03329,,2025-01-14 18:00:00,6703.25,2025-01-14 18:00:00,Wholesale,,
S03327,,2025-01-13 17:00:00,1504.86,2025-01-13 17:00:00,Wholesale,,
#4BEWJ64VBF,,2025-01-09 16:00:00,918.97,2025-02-08 16:00:00,Faire,,
S03328,,2025-02-24 17:00:00,646.6,2025-03-26 17:00:00,Wholesale,,
S03330,,2025-02-24 18:00:00,645.6,2025-03-26 18:00:00,Wholesale,,
S03331,,2025-02-24 18:00:00,645.6,2025-03-26 18:00:00,Wholesale,,
S03332,,2025-02-24 18:00:00,645.6,2025-03-26 18:00:00,Wholesale,,
S03333,,2025-02-24 18:00:00,645.6,2025-03-26 18:00:00,Wholesale,,
S03334,,2025-02-24 18:00:00,646.6,2025-03-26 18:00:00,Wholesale,,
S03335,,2025-02-24 18:00:00,645.6,2025-03-26 18:00:00,Wholesale,,
S03336,,2025-02-24 18:00:00,645.6,2025-03-26 18:00:00,Wholesale,,
S03337,,2025-02-24 18:00:00,646.6,2025-03-26 18:00:00,Wholesale,,
S03338,,2025-02-24 18:00:00,646.6,2025-03-26 18:00:00,Wholesale,,
S03339,,2025-02-24 18:00:00,646.6,2025-03-26 18:00:00,Wholesale,,
S03307,,2025-01-23 19:00:00,581.5,2025-01-23 19:00:00,Wholesale,,
S03340,,2025-02-24 18:00:00,646.6,2025-03-26 18:00:00,Wholesale,,
#R8AZV49EG8,,2025-01-13 16:00:00,133.95,2025-02-12 16:00:00,Faire,,
#PZG3QUA9EF,,2025-01-13 16:00:00,219.64,2025-02-12 16:00:00,Faire,,
#WHKBV8EMXF,,2025-01-13 18:00:00,269.47,2025-02-12 18:00:00,Faire,,
#BV4YT794W2,,2025-02-17 12:59:59,32.3,2025-03-19 12:59:59,Faire,,
#8Y54PQKFMD,,2025-01-22 12:59:59,158.63,2025-02-21 12:59:59,Faire,,
#Z3YX5B6W7Z,,2025-01-15 12:59:59,161.07,2025-02-14 12:59:59,Faire,,
#ZETWEDYF3U,,2025-01-13 12:59:59,62.87,2025-02-12 12:59:59,Faire,,
#WFNPAV7HYM,,2025-01-13 19:00:00,1045.54,2025-02-12 19:00:00,Faire,,
S03316,,2025-01-12 16:00:00,678.46,2025-01-12 16:00:00,Wholesale,,
S03323,,2025-03-15 14:00:00,927.0,2025-03-15 14:00:00,Wholesale,,
S03300,,2025-01-15 20:00:00,1637.87,2025-01-15 20:00:00,Wholesale,,
S03321,,2025-01-13 12:00:00,644.0,2025-01-13 12:00:00,Wholesale,,
S03299,,2025-01-08 23:00:00,921.0,2025-01-08 23:00:00,Wholesale,,
#76JCQYUX5Z,,2025-01-13 19:00:00,514.09,2025-02-12 19:00:00,Faire,,
#FXMHJRJPRP,,2025-01-13 19:00:00,485.43,2025-02-12 19:00:00,Faire,,
S03298,,2025-01-08 00:00:00,790.0,2025-01-08 00:00:00,Wholesale,,
S03315,,2025-01-09 21:00:00,656.0,2025-01-09 21:00:00,Wholesale,,
S03312,,2025-01-09 20:00:00,288.0,2025-01-09 20:00:00,Wholesale,,
#C58E25VA4A,,2025-02-17 12:59:59,131.73,2025-03-19 12:59:59,Faire,,
#R9A7GY4F3K,,2025-01-15 12:59:59,134.17,2025-02-14 12:59:59,Faire,,
#5NZSS68W33,,2025-01-13 12:59:59,66.13,2025-02-12 12:59:59,Faire,,
#FASHVKE47M,,2025-01-07 21:00:00,155.54,2025-02-06 21:00:00,Faire,,
#AD5AJNTBCM,,2025-01-22 12:59:59,18.43,2025-02-21 12:59:59,Faire,,
#BWG58ESN4P,,2025-01-09 08:00:00,105.65,2025-02-08 08:00:00,Faire,,
#KA92X88MSY,,2025-01-09 08:00:00,216.27,2025-02-08 08:00:00,Faire,,
#6TSDA6YHNB,,2025-01-13 12:59:59,292.58,2025-02-12 12:59:59,Faire,,
#KQC2G8D5YQ,,2025-01-07 15:00:00,153.62,2025-02-06 15:00:00,Faire,,
S03295,,2025-02-01 17:00:00,1106.25,2025-02-01 17:00:00,Wholesale,,
S03296,,2025-02-01 21:00:00,1062.0,2025-02-01 21:00:00,Wholesale,,
S03287,,2025-01-06 23:00:00,3616.12,2025-01-06 23:00:00,Wholesale,,
S03286,,2025-01-06 23:00:00,1121.8,2025-01-06 23:00:00,Wholesale,,
S03284,,2025-01-02 19:00:00,2947.48,2025-01-02 19:00:00,Wholesale,,
S03294,,2025-01-07 03:00:00,1709.5,2025-01-07 03:00:00,Wholesale,,
#PYBC9YS48R,,2025-01-06 17:00:00,772.22,2025-02-05 17:00:00,Faire,,
#PH688G25WZ,,2025-01-20 12:59:59,38.3,2025-02-19 12:59:59,Faire,,
#WB29U6SCYV,,2025-01-06 15:00:00,308.5,2025-02-05 15:00:00,Faire,,
#YGV28TVAQX,,2025-01-06 15:00:00,300.78,2025-02-05 15:00:00,Faire,,
S03293,,2025-01-07 03:00:00,510.65,2025-02-06 03:00:00,Wholesale,,
#PRSVQXC7XS,,2025-02-17 12:59:59,31.49,2025-03-19 12:59:59,Faire,,
#YT79M43VFW,,2025-01-15 12:59:59,36.37,2025-02-14 12:59:59,Faire,,
#RAT4Q6CBW8,,2025-01-06 16:00:00,317.33,2025-02-05 16:00:00,Faire,,
#MPE5NRAMPM,,2025-01-06 17:00:00,694.48,2025-02-05 17:00:00,Faire,,
#N3KTWWASEN,,2025-01-06 16:00:00,117.06,2025-02-05 16:00:00,Faire,,
#6EAPA3HNHQ,,2025-01-06 16:00:00,262.95,2025-02-05 16:00:00,Faire,,
#GB2B72EXF8,,2025-01-06 16:00:00,470.14,2025-02-05 16:00:00,Faire,,
#36HZF3RWXU,,2025-01-06 17:00:00,459.95,2025-02-05 17:00:00,Faire,,
S03285,,2025-01-03 17:00:00,1141.48,2025-01-03 17:00:00,Wholesale,,
#QHBF37ANHH,,2025-01-06 08:00:00,353.08,2025-02-05 08:00:00,Faire,,
#TPNPCQKSSS,,2025-03-17 12:59:59,168.41,2025-04-16 12:59:59,Faire,,
#XE539DSH4S,,2025-02-17 12:59:59,149.66,2025-03-19 12:59:59,Faire,,
#22WZBEYR2Y,,2025-01-20 12:59:59,195.3,2025-02-19 12:59:59,Faire,,
#B9EB6G9P8J,,2025-01-15 12:59:59,327.33,2025-02-14 12:59:59,Faire,,
#ADZM6MEPWM,,2025-01-03 15:00:00,293.07,2025-02-02 15:00:00,Faire,,
#BWYMJ2GDWJ,,2025-02-17 12:59:59,126.84,2025-03-19 12:59:59,Faire,,
#2Z4E7PE6Q8,,2025-01-20 12:59:59,48.6,2025-02-19 12:59:59,Faire,,
#XSMFMSUGQX,,2025-01-03 15:00:00,162.7,2025-02-02 15:00:00,Faire,,
#3PQYP2KMV5,,2025-01-02 17:00:00,600.77,2025-02-01 17:00:00,Faire,,
#YARSBDVY4E,,2025-02-17 12:59:59,46.02,2025-03-19 12:59:59,Faire,,
#8GS5TCWUT3,,2025-01-22 12:59:59,40.69,2025-02-21 12:59:59,Faire,,
#GJ5TH739QG,,2025-01-20 12:59:59,57.6,2025-02-19 12:59:59,Faire,,
#BN3Y3DSK9V,,2025-01-15 12:59:59,114.05,2025-02-14 12:59:59,Faire,,
#AX4TZQR2Z7,,2025-03-17 12:59:59,47.47,2025-04-16 12:59:59,Faire,,
#4DHZ6BZ3UC,,2025-01-13 12:59:59,14.66,2025-02-12 12:59:59,Faire,,
#U6VFZHUN6C,,2025-01-02 16:00:00,47.95,2025-02-01 16:00:00,Faire,,
#FEADYVX8KX,,2025-01-02 17:00:00,495.0,2025-02-01 17:00:00,Faire,,
#4HPTUAPSXC,,2025-01-02 17:00:00,732.96,2025-02-01 17:00:00,Faire,,
S03282,,2025-02-01 14:00:00,2786.5,2025-02-01 14:00:00,Wholesale,,
S03281,,2025-02-01 13:00:00,442.5,2025-02-01 13:00:00,Wholesale,,
#KWJFMF95RH,,2025-02-17 12:59:59,216.49,2025-03-19 12:59:59,Faire,,
#GDY2P2Z9NT,,2025-01-20 12:59:59,87.72,2025-02-19 12:59:59,Faire,,
#UE8JMU6YZV,,2024-12-30 16:00:00,603.79,2025-01-29 16:00:00,Faire,,
#8X6W83T32X,,2025-03-17 12:59:59,82.83,2025-04-16 12:59:59,Faire,,
S03277,,2025-02-01 17:00:00,415.41,2025-02-01 17:00:00,Wholesale,,
S03269,,2025-02-01 18:00:00,619.5,2025-03-03 18:00:00,Wholesale,,
#K7Y8WZ5Z77,,2025-02-17 12:59:59,252.35,2025-03-19 12:59:59,Faire,,
#DBWSRWDN7G,,2025-01-15 12:59:59,280.87,2025-02-14 12:59:59,Faire,,
S03268,,2024-12-19 19:00:00,2520.0,2025-01-18 19:00:00,Wholesale,,
S03267,,2025-01-06 21:00:00,1921.9,2025-01-06 21:00:00,Wholesale,,
S03265,,2024-12-18 18:00:00,1271.38,2024-12-18 18:00:00,Wholesale,,
#JPJZG8NYHB,,2025-01-20 12:59:59,48.6,2025-02-19 12:59:59,Faire,,
#XYMS95BGMS,,2025-01-15 12:59:59,64.9,2025-02-14 12:59:59,Faire,,
#UFG9R69H87,,2025-01-10 12:59:59,38.3,2025-02-09 12:59:59,Faire,,
#CHFAYA4T7C,,2025-01-10 12:59:59,16.0,2025-02-09 12:59:59,Faire,,
#WQ3D5B83PW,,2025-01-10 12:59:59,64.9,2025-02-09 12:59:59,Faire,,
#6PPFPWEVZG,,2025-03-17 12:59:59,143.0,2025-04-16 12:59:59,Faire,,
#S3ZAADURSJ,,2025-03-03 12:59:59,28.17,2025-04-02 12:59:59,Faire,,
#7XSGXC2X5F,,2025-02-17 12:59:59,150.24,2025-03-19 12:59:59,Faire,,
#XNJDSWHAJC,,2025-01-22 12:59:59,18.52,2025-02-21 12:59:59,Faire,,
#NMYBJN4Q26,,2025-01-13 12:59:59,272.29,2025-02-12 12:59:59,Faire,,
S03258,,2025-01-15 20:00:00,571.94,2025-01-15 20:00:00,Wholesale,,
#8GZ8T54DFB,,2025-02-17 12:59:59,138.66,2025-03-19 12:59:59,Faire,,
#842NHXRYRV,,2025-01-20 12:59:59,173.4,2025-02-19 12:59:59,Faire,,
#RP6ESTFPF3,,2025-01-15 12:59:59,303.68,2025-02-14 12:59:59,Faire,,
#YEA7CBQWW9,,2024-12-23 12:59:59,28.65,2025-01-22 12:59:59,Faire,,
#AV865GP3NA,,2024-12-13 18:00:00,744.89,2025-01-12 18:00:00,Faire,,
S03237,,2024-12-10 23:00:00,677.0,2024-12-10 23:00:00,Wholesale,,
S03238,,2024-12-10 23:00:00,677.0,2024-12-10 23:00:00,Wholesale,,
S03119,,2024-12-13 21:00:00,282.15,2024-12-13 21:00:00,Wholesale,,
#4BQ6WT9QF3,,2025-03-03 12:59:59,85.1,2025-04-02 12:59:59,Faire,,
#BN5SX7E457,,2025-01-22 12:59:59,223.48,2025-02-21 12:59:59,Faire,,
#KD8FE7FWVK,,2025-01-13 12:59:59,297.88,2025-02-12 12:59:59,Faire,,
#2YZXDBBHT7,,2024-12-09 16:00:00,111.64,2025-01-08 16:00:00,Faire,,
S03219,,2024-12-06 20:00:00,1090.95,2024-12-06 20:00:00,Wholesale,,
#XQ5G75RD9Q,,2024-12-06 17:00:00,366.88,2025-01-05 17:00:00,Faire,,
S03218,,2024-12-06 20:00:00,458.4,2025-01-20 20:00:00,Wholesale,,
#VZ4BD8SF4E,,2024-12-16 12:59:59,89.79,2025-01-15 12:59:59,Faire,,
S03209,,2025-01-15 19:00:00,703.5,2025-01-15 19:00:00,Wholesale,,
S03206,,2024-12-04 16:00:00,1901.0,2024-12-04 16:00:00,Wholesale,,
S03207,,2024-12-04 16:00:00,1956.0,2024-12-04 16:00:00,Wholesale,,
S03191,,2024-11-25 18:00:00,835.2,2024-11-25 18:00:00,Wholesale,,
S03187,,2024-11-22 16:00:00,1102.22,2024-11-22 16:00:00,Wholesale,,
S03188,,2024-11-22 16:00:00,722.86,2024-11-22 16:00:00,Wholesale,,
#SHYT82NY7Y,,2024-11-22 18:00:00,209.4,2024-12-22 18:00:00,Faire,,
S02887,,2024-11-15 19:00:00,2200.0,2024-12-15 19:00:00,Wholesale,,
S03173,,2024-11-20 18:00:00,4303.02,2024-11-20 18:00:00,Wholesale,,
S03168,,2024-12-06 18:00:00,2664.38,2024-12-06 18:00:00,Wholesale,,
#PHZY2K9Z2V,,2024-11-18 16:00:00,361.96,2024-12-18 16:00:00,Faire,,
S03157,,2024-11-15 17:00:00,1233.55,2024-11-15 17:00:00,Wholesale,,
S03058,,2024-11-18 20:00:00,676.52,2024-11-18 20:00:00,Wholesale,,
S03118,,2024-11-07 19:00:00,380.0,2024-11-07 19:00:00,Wholesale,,
#QQJWJFMXV4,,2024-11-20 08:00:00,57.6,2024-12-20 08:00:00,Faire,,
#XM3VCXE63F,,2024-11-07 19:00:00,703.25,2024-12-07 19:00:00,Faire,,
#PCQU7NS6Y7,,2024-11-06 20:00:00,440.78,2024-12-06 20:00:00,Faire,,
#ASZCQ9JMMJ,,2024-11-06 17:00:00,387.81,2024-12-06 17:00:00,Faire,,
#5F9UWY4447,,2024-11-05 21:00:00,753.36,2024-12-05 21:00:00,Faire,,
S03111,,2024-11-08 20:00:00,8494.0,2024-12-08 20:00:00,Wholesale,,
#BJSG2K37QG,,2024-11-04 18:00:00,245.29,2024-12-04 18:00:00,Faire,,
#XHCCV6E4RY,,2024-12-01 22:04:41,3731.44,2024-12-31 22:04:41,Faire,,
S03080,,2025-02-15 21:00:00,31668.0,2025-04-01 21:00:00,Wholesale,,
S03071,,2024-10-25 21:00:00,446.48,2024-10-25 21:00:00,Wholesale,,
S03056,,2024-10-24 17:00:00,1061.94,2024-10-24 17:00:00,Wholesale,,
S03065,,2024-12-16 06:00:00,1003.44,2024-12-16 06:00:00,Wholesale,,
S03050,,2024-10-22 17:00:00,2892.04,2024-10-22 17:00:00,Wholesale,,
S02804,,2024-11-15 18:00:00,162.0,2024-11-15 18:00:00,Wholesale,,
S02795,,2024-10-22 21:00:00,1005.4,2024-10-22 21:00:00,Wholesale,,
#GB2J2V65D9,,2025-01-20 12:59:59,244.2,2025-02-19 12:59:59,Faire,,
S03027,,2024-10-15 15:00:00,1602.82,2024-10-15 15:00:00,Wholesale,,
S03025,,2024-10-14 14:00:00,920.0,2024-10-14 14:00:00,Wholesale,,
S02739,,2024-11-25 22:00:00,3163.0,2024-12-25 22:00:00,Wholesale,,
S03023,,2024-10-11 16:00:00,370.0,2024-10-11 16:00:00,Wholesale,,
S02966,,2024-10-25 18:00:00,26649.0,2024-11-24 18:00:00,Wholesale,,
S03018,,2024-10-11 18:00:00,390.0,2024-10-11 18:00:00,Wholesale,,
S02779,,2024-10-04 22:00:00,4038.22,2024-10-04 22:00:00,Wholesale,,
S02972,,2024-10-01 16:00:00,1207.35,2024-10-01 16:00:00,Wholesale,,
S02968,,2024-11-20 20:00:00,508.0,2024-11-20 20:00:00,Wholesale,,
S02957,,2025-04-01 17:00:00,789.9,2025-04-01 17:00:00,Wholesale,,
S02929,,2025-02-01 22:00:00,1850.0,2025-02-01 22:00:00,Wholesale,,
S02927,,2024-09-18 21:00:00,81.25,2024-09-18 21:00:00,Wholesale,,
S02878,,2025-01-15 22:00:00,1033.0,2025-01-15 22:00:00,Wholesale,,
S02879,,2025-02-14 22:00:00,738.25,2025-02-14 22:00:00,Wholesale,,
S02877,,2024-12-19 22:00:00,444.0,2024-12-19 22:00:00,Wholesale,,
S02834,,2024-12-15 22:00:00,675.75,2024-12-15 22:00:00,Wholesale,,
S02888,,2024-10-01 18:00:00,1230.0,2024-10-31 18:00:00,Wholesale,,
S02805,,2024-09-12 17:00:00,228.0,2024-09-12 17:00:00,Wholesale,,
S02880,,2024-12-02 23:00:00,3591.0,2024-12-02 23:00:00,Wholesale,,
S02832,,2024-09-13 21:00:00,510.0,2024-09-13 21:00:00,Wholesale,,
S02865,,2025-01-15 17:00:00,699.08,2025-02-14 17:00:00,Wholesale,,
S02851,,2024-09-11 16:00:00,1743.5,2024-09-11 16:00:00,Wholesale,,
S02871,,2024-09-12 20:00:00,664.9,2024-09-12 20:00:00,Wholesale,,
S02791,,2024-09-12 19:00:00,1149.5,2024-09-12 19:00:00,Wholesale,,
S02863,,2024-09-12 17:00:00,2756.23,2024-09-12 17:00:00,Wholesale,,
S02809,,2025-03-15 18:00:00,1310.0,2025-03-15 18:00:00,Wholesale,,
S02784,,2024-09-16 17:00:00,747.1,2024-09-16 17:00:00,Wholesale,,
S02780,,2025-01-15 17:00:00,2018.0,2025-01-15 17:00:00,Wholesale,,
S02764,,2024-09-10 16:00:00,685.8,2024-09-10 16:00:00,Wholesale,,
#DMZFYZQWKJ,,2024-09-10 17:00:00,907.28,2024-10-10 17:00:00,Faire,,
S02842,,2024-09-11 00:00:00,2198.08,2024-09-11 00:00:00,Wholesale,,
S02845,,2024-09-11 03:00:00,2975.44,2024-09-11 03:00:00,Wholesale,,
S02846,,2024-09-11 03:00:00,1597.8,2024-09-11 03:00:00,Wholesale,,
S02847,,2024-09-11 03:00:00,1187.76,2024-09-11 03:00:00,Wholesale,,
S02848,,2024-09-11 03:00:00,967.36,2024-09-11 03:00:00,Wholesale,,
S02787,,2024-09-20 18:00:00,796.5,2024-09-20 18:00:00,Wholesale,,
S02260,,2024-06-12 18:00:00,1224.0,2024-06-12 18:00:00,Wholesale,,
#7FSSPHR43U,,2024-09-05 15:36:52,541.87,2024-10-05 15:36:52,Faire,,
#2BRRMXFP95,,2024-09-04 12:59:59,32.99,2024-10-04 12:59:59,Faire,,
#4FJ2NFYKM2,,2024-08-26 12:59:59,248.23,2024-09-25 12:59:59,Faire,,
S02758,,2024-08-28 21:00:00,1174.7,2024-08-28 21:00:00,Wholesale,,
S02757,,2024-08-28 17:00:00,210.48,2024-08-28 17:00:00,Wholesale,,
S02742,,2024-08-26 16:00:00,1882.85,2024-08-26 16:00:00,Wholesale,,
S02736,,2024-08-23 15:00:00,239.0,2024-08-23 15:00:00,Wholesale,,
S02738,,2024-08-23 17:00:00,1702.46,2024-08-23 17:00:00,Wholesale,,
S02733,,2024-08-22 18:00:00,303.51,2024-08-22 18:00:00,Wholesale,,
S02735,,2024-08-22 21:00:00,510.0,2024-08-22 21:00:00,Wholesale,,
S02732,,2024-08-22 18:00:00,597.2,2024-08-22 18:00:00,Wholesale,,
S02727,,2024-08-22 17:00:00,1348.44,2024-08-22 17:00:00,Wholesale,,
S02611,,2024-08-20 17:00:00,729.5,2024-09-19 17:00:00,Wholesale,,
S02702,,2024-08-15 18:00:00,396.0,2024-08-15 18:00:00,Wholesale,,
#4F255ETUEQ,,2024-08-08 17:00:00,384.24,2024-09-07 17:00:00,Faire,,
#HSUQPVNCDJ,,2024-08-26 12:59:59,78.76,2024-09-25 12:59:59,Faire,,
S02131,,2024-07-15 20:00:00,11290.0,2024-08-29 20:00:00,Wholesale,,
S02653,,2024-08-07 16:00:00,336.5,2024-08-07 16:00:00,Wholesale,,
#W2938582SR,,2024-08-05 16:00:00,513.56,2024-09-04 16:00:00,Faire,,
S02648,,2024-08-02 19:00:00,5752.5,2024-08-02 19:00:00,Wholesale,,
S02604,,2024-07-22 17:00:00,1200.0,2024-07-22 17:00:00,Wholesale,,
S02223,,2024-07-01 16:00:00,1019.58,2024-07-01 16:00:00,Wholesale,,
S02641,,2024-07-31 20:00:00,1298.0,2024-07-31 20:00:00,Wholesale,,
#CBMBNCP76A,,2024-08-20 12:59:59,28.7,2024-09-19 12:59:59,Faire,,
#VGB4G92GTY,,2024-08-26 12:59:59,26.24,2024-09-25 12:59:59,Faire,,
#C2XHDNKVP9,,2024-08-26 12:59:59,153.23,2024-09-25 12:59:59,Faire,,
#RGDVJXYK5M,,2024-09-19 12:59:59,26.24,2024-10-19 12:59:59,Faire,,
#T57ES3622E,,2024-09-19 12:59:59,26.24,2024-10-19 12:59:59,Faire,,
#8K3SEAG7JY,,2024-07-30 12:59:59,23.29,2024-08-29 12:59:59,Faire,,
#UPSA7N3U64,,2024-11-02 03:53:24,2982.73,2024-12-02 03:53:24,Faire,,
S02616,,2024-07-26 16:00:00,4996.9,2024-07-26 16:00:00,Wholesale,,
#A9VRMBPE4Z,,2024-11-02 01:53:01,676.76,2024-12-02 01:53:01,Faire,,
#Q63KXM9TB8,,2024-11-16 00:54:56,596.23,2024-12-16 00:54:56,Faire,,
#MB85FQSMZ4,,2024-08-21 12:59:59,153.18,2024-09-20 12:59:59,Faire,,
#9U3K4CZN4Q,,2024-09-20 12:59:59,204.34,2024-10-20 12:59:59,Faire,,
#JW8S966WQZ,,2024-08-30 12:59:59,211.34,2024-09-29 12:59:59,Faire,,
#62BXKWKA2R,,2024-09-25 12:59:59,136.1,2024-10-25 12:59:59,Faire,,
#XGQ9P36R2B,,2024-09-20 12:59:59,212.21,2024-10-20 12:59:59,Faire,,
S02600,,2024-07-22 20:00:00,885.0,2024-07-22 20:00:00,Wholesale,,
S02599,,2024-07-22 20:00:00,5152.0,2024-07-22 20:00:00,Wholesale,,
S02598,,2024-07-22 18:00:00,4526.0,2024-07-22 18:00:00,Wholesale,,
S02594,,2024-07-22 18:00:00,1027.55,2024-07-22 18:00:00,Wholesale,,
S02427,,2024-07-19 18:00:00,510.0,2024-08-18 18:00:00,Wholesale,,
S02581,,2024-07-18 21:00:00,846.45,2024-07-18 21:00:00,Wholesale,,
S02574,,2024-07-18 16:00:00,895.0,2024-07-18 16:00:00,Wholesale,,
S02575,,2024-07-18 16:00:00,190.0,2024-07-18 16:00:00,Wholesale,,
S02304,,2024-06-17 20:00:00,1516.0,2024-06-17 20:00:00,Wholesale,,
S02563,,2024-07-16 18:00:00,407.5,2024-07-16 18:00:00,Wholesale,,
S02555,,2024-07-15 19:00:00,1139.5,2024-07-15 19:00:00,Wholesale,,
S02532,,2024-07-11 21:00:00,1274.0,2024-07-11 21:00:00,Wholesale,,
S02533,,2024-07-12 21:00:00,1155.0,2024-07-12 21:00:00,Wholesale,,
S02504,,2024-07-10 22:00:00,743.0,2024-07-10 22:00:00,Wholesale,,
#3VCCZA82ZT,,2024-07-09 21:00:00,479.16,2024-08-08 21:00:00,Faire,,
S02460,,2024-07-02 21:00:00,3324.0,2024-07-02 21:00:00,Wholesale,,
S02443,,2024-06-28 19:00:00,722.0,2024-06-28 19:00:00,Wholesale,,
#RKMVDVPC39,,2024-07-01 15:00:00,252.68,2024-07-31 15:00:00,Faire,,
S02441,,2024-06-28 19:00:00,2792.75,2024-08-12 19:00:00,Wholesale,,
S02433,,2024-06-27 20:00:00,320.0,2024-06-27 20:00:00,Wholesale,,
S02425,,2024-06-27 17:00:00,600.5,2024-07-27 17:00:00,Wholesale,,
S02035,,2024-06-24 20:00:00,1096.0,2024-06-24 20:00:00,Wholesale,,
S00466,,2024-06-26 16:00:00,703.0,2024-06-26 16:00:00,Wholesale,,
S00467,,2024-06-26 17:00:00,730.0,2024-06-26 17:00:00,Wholesale,,
S02407,,2024-07-23 21:00:00,1153.75,2024-07-23 21:00:00,Wholesale,,
S02406,,2024-08-20 21:00:00,720.0,2024-09-19 21:00:00,Wholesale,,
S02371,,2024-06-24 15:00:00,2389.5,2024-07-24 15:00:00,Wholesale,,
S02355,,2024-06-20 22:00:00,3192.5,2024-06-20 22:00:00,Wholesale,,
S02158,,2024-05-31 14:00:00,2054.0,2024-05-31 14:00:00,Wholesale,,
S00434,,2024-07-01 07:00:00,1927.5,2024-07-31 07:00:00,Wholesale,,
S02330,,2024-06-18 19:00:00,652.0,2024-06-18 19:00:00,Wholesale,,
S00464,,2024-06-17 16:00:00,874.0,2024-06-17 16:00:00,Wholesale,,
S02272,,2024-06-10 15:00:00,2593.54,2024-06-10 15:00:00,Wholesale,,
S02220,,2024-06-11 22:00:00,910.0,2024-06-11 22:00:00,Wholesale,,
#5CJZQS6A2C,,2024-06-20 12:59:59,126.58,2024-07-20 12:59:59,Faire,,
S02297,,2024-06-13 16:00:00,97.5,2024-06-13 16:00:00,Wholesale,,
S02294,,2024-06-13 03:00:00,3390.0,2024-06-13 03:00:00,Wholesale,,
S02286,,2024-06-12 20:00:00,2609.94,2024-06-12 20:00:00,Wholesale,,
S02289,,2024-06-12 21:00:00,726.0,2024-06-12 21:00:00,Wholesale,,
S02253,,2024-06-06 19:00:00,98.41,2024-06-06 19:00:00,Wholesale,,
S02162,,2024-05-27 15:00:00,2424.88,2024-05-27 15:00:00,Wholesale,,
S00532,,2024-05-20 16:00:00,777.0,2024-05-20 16:00:00,Wholesale,,
S02256,,2024-06-07 16:00:00,229.0,2024-06-07 16:00:00,Wholesale,,
S02242,,2024-06-10 17:00:00,1542.0,2024-06-10 17:00:00,Wholesale,,
S02248,,2024-06-06 15:00:00,524.6,2024-06-06 15:00:00,Wholesale,,
S02182,,2024-05-31 19:00:00,911.0,2024-05-31 19:00:00,Wholesale,,
SO0255657,,2024-05-24 15:00:00,1843.53,2024-05-24 15:00:00,Wholesale,,
S00329,,2024-04-15 17:00:00,2489.0,2024-04-15 17:00:00,Wholesale,,
S02167,,2024-05-29 12:00:00,621.0,2024-05-29 12:00:00,Wholesale,,
S02160,,2024-05-24 15:00:00,812.28,2024-05-24 15:00:00,Wholesale,,
S00327,,2024-04-01 16:00:00,3045.5,2024-04-01 16:00:00,Wholesale,,
S02125,,2024-06-01 20:00:00,65.0,2024-06-01 20:00:00,Wholesale,,
S02123,,2024-05-21 20:00:00,795.0,2024-05-21 20:00:00,Wholesale,,
S02116,,2024-05-20 21:00:00,660.3,2024-06-19 21:00:00,Wholesale,,
S02052,,2024-05-17 18:00:00,3237.4,2024-05-17 18:00:00,Wholesale,,
S02048,,2024-05-15 16:00:00,1224.5,2024-05-15 16:00:00,Wholesale,,
S02049,,2024-05-15 17:00:00,612.9,2024-05-15 17:00:00,Wholesale,,
S02019,,2024-05-09 19:00:00,631.0,2024-05-09 19:00:00,Wholesale,,
SO0257491,,2024-05-20 19:00:00,511.5,2024-05-20 19:00:00,Wholesale,,
S02000,,2024-05-07 21:00:00,111.15,2024-05-07 21:00:00,Wholesale,,
S00247,,2024-05-01 20:00:00,1814.5,2024-05-01 20:00:00,Wholesale,,
S01958,,2024-05-03 21:00:00,2924.0,2024-05-03 21:00:00,Wholesale,,
S01940,,2024-04-30 20:00:00,2080.0,2024-04-30 20:00:00,Wholesale,,
S01957,,2024-05-02 20:00:00,1015.5,2024-05-02 20:00:00,Wholesale,,
S01930,,2024-04-29 20:00:00,2378.5,2024-04-29 20:00:00,Wholesale,,
S00463,,2024-04-20 16:00:00,696.0,2024-04-20 16:00:00,Wholesale,,
S01887,,2024-04-28 14:00:00,974.0,2024-04-28 14:00:00,Wholesale,,
S01888,,2024-04-28 15:00:00,949.0,2024-04-28 15:00:00,Wholesale,,
S01889,,2024-04-28 15:00:00,934.5,2024-04-28 15:00:00,Wholesale,,
S01890,,2024-04-28 19:00:00,1224.0,2024-04-28 19:00:00,Wholesale,,
S01886,,2024-04-28 14:00:00,807.5,2024-04-28 14:00:00,Wholesale,,
S01881,,2024-04-22 17:00:00,3452.3,2024-04-22 17:00:00,Wholesale,,
S01882,,2024-07-01 17:00:00,240.0,2024-07-01 17:00:00,Wholesale,,
#NHVHUB7839,,2024-05-15 12:59:59,31.91,2024-06-14 12:59:59,Faire,,
S01866,,2024-04-17 21:00:00,3107.0,2024-04-17 21:00:00,Wholesale,,
S01832,,2024-05-15 16:00:00,4961.5,2024-05-15 16:00:00,Wholesale,,
S01858,,2024-04-16 20:00:00,1180.4,2024-04-16 20:00:00,Wholesale,,
S01822,,2024-04-12 23:00:00,2900.0,2024-04-12 23:00:00,Wholesale,,
S01843,,2024-05-20 18:00:00,276.0,2024-05-20 18:00:00,Wholesale,,
S00692,,2024-04-15 22:00:00,311.6,2024-04-15 22:00:00,Wholesale,,
S01689,,2024-04-09 22:00:00,1983.0,2024-04-09 22:00:00,Wholesale,,
#H4NQGFVT6V,,2024-04-08 07:00:00,22.86,2024-05-08 07:00:00,Faire,,
S00176,,2024-04-02 00:00:00,3768.0,2024-04-02 00:00:00,Wholesale,,
S01460,,2024-04-08 18:00:00,1117.5,2024-04-08 18:00:00,Wholesale,,
S00092,,2024-04-01 22:00:00,2755.5,2024-04-01 22:00:00,Wholesale,,
S01306,,2024-04-03 21:00:00,2255.5,2024-05-03 21:00:00,Wholesale,,
S00278,,2024-03-15 18:00:00,1139.0,2024-03-15 18:00:00,Wholesale,,
S01212,,2024-04-15 17:00:00,205.2,2024-05-15 17:00:00,Wholesale,,
S01209,,2024-04-03 16:00:00,1589.6,2024-05-03 16:00:00,Wholesale,,
S00794,,2024-04-01 17:00:00,3010.0,2024-05-01 17:00:00,Wholesale,,
S01187,,2024-04-03 06:00:00,1662.5,2024-04-03 06:00:00,Wholesale,,
S00155,,2024-04-01 07:00:00,274.1,2024-04-01 07:00:00,Wholesale,,
S00926,,2024-03-29 20:00:00,397.0,2024-03-29 20:00:00,Wholesale,,
S00834,,2024-03-28 15:00:00,385.0,2024-03-28 15:00:00,Wholesale,,
S00558,,2024-03-26 21:00:00,2644.5,2024-04-25 21:00:00,Wholesale,,
#PZYWKEEWA3,,2024-03-22 07:00:00,3266.28,2024-03-22 07:00:00,Faire,,
S00795,,2024-03-21 18:00:00,1701.5,2024-03-21 18:00:00,Wholesale,,
S00389,,2024-03-02 05:00:00,2879.94,2024-04-01 05:00:00,Wholesale,,
S00050,,2024-03-02 00:00:00,1589.0,2024-03-02 00:00:00,Wholesale,,
S00052,,2024-03-02 00:00:00,1275.0,2024-03-02 00:00:00,Wholesale,,
S00792,,2024-03-21 17:00:00,1585.5,2024-03-21 17:00:00,Wholesale,,
#BBCG6VBEHZ,,2024-04-15 12:59:59,79.17,2024-04-15 12:59:59,Faire,,
S00724,,2024-03-18 21:00:00,525.48,2024-03-18 21:00:00,Wholesale,,
S00705,,2024-03-20 20:00:00,491.0,2024-03-20 20:00:00,Wholesale,,
S00760,,2024-03-17 17:00:00,1443.25,2024-03-17 17:00:00,Wholesale,,
S00721,,2024-03-15 20:00:00,1440.0,2024-03-15 20:00:00,Wholesale,,
S00733,,2024-04-02 00:00:00,489.15,2024-05-02 00:00:00,Wholesale,,
S00732,,2024-04-02 00:00:00,708.75,2024-05-02 00:00:00,Wholesale,,
S00744,,2024-04-02 00:00:00,415.35,2024-05-02 00:00:00,Wholesale,,
S00743,,2024-04-02 00:00:00,415.35,2024-05-02 00:00:00,Wholesale,,
S00742,,2024-04-02 00:00:00,415.35,2024-05-02 00:00:00,Wholesale,,
S00741,,2024-04-02 00:00:00,415.35,2024-05-02 00:00:00,Wholesale,,
S00740,,2024-04-02 00:00:00,415.35,2024-05-02 00:00:00,Wholesale,,
S00738,,2024-04-02 00:00:00,415.35,2024-05-02 00:00:00,Wholesale,,
S00737,,2024-04-02 00:00:00,415.35,2024-05-02 00:00:00,Wholesale,,
S00736,,2024-04-02 00:00:00,415.35,2024-05-02 00:00:00,Wholesale,,
S00735,,2024-04-02 00:00:00,415.35,2024-05-02 00:00:00,Wholesale,,
S00734,,2024-04-02 00:00:00,708.75,2024-05-02 00:00:00,Wholesale,,
S00731,,2024-04-02 00:00:00,708.75,2024-05-02 00:00:00,Wholesale,,
S00730,,2024-04-02 00:00:00,708.75,2024-05-02 00:00:00,Wholesale,,
S00729,,2024-04-02 00:00:00,708.75,2024-05-02 00:00:00,Wholesale,,
S00728,,2024-04-02 00:00:00,708.75,2024-05-02 00:00:00,Wholesale,,
S00727,,2024-04-02 00:00:00,708.75,2024-05-02 00:00:00,Wholesale,,
S00726,,2024-04-02 00:00:00,708.75,2024-05-02 00:00:00,Wholesale,,
S00600,,2024-04-01 19:00:00,708.75,2024-05-01 19:00:00,Wholesale,,
S00713,,2024-03-13 18:00:00,721.0,2024-03-13 18:00:00,Wholesale,,
#AA73A2B7ZX,,2024-04-15 12:59:59,129.49,2024-04-15 12:59:59,Faire,,
#G3JQ8CDJDY,,2024-04-15 17:40:23,338.06,2024-04-15 17:40:23,Faire,,
S00668,,2024-03-15 16:00:00,599.8,2024-03-15 16:00:00,Wholesale,,
S00666,,2024-03-11 20:00:00,887.31,2024-03-11 20:00:00,Wholesale,,
S00611,,2024-03-05 17:00:00,3764.5,2024-03-05 17:00:00,Wholesale,,
S00594,,2024-03-04 17:00:00,250.0,2024-03-04 17:00:00,Wholesale,,
S00530,,2024-03-01 17:00:00,795.0,2024-03-01 17:00:00,Wholesale,,
S00534,,2024-03-01 17:00:00,1347.0,2024-03-01 17:00:00,Wholesale,,
S00586,,2024-03-04 22:00:00,810.5,2024-03-04 22:00:00,Wholesale,,
S00585,,2024-03-04 22:00:00,840.5,2024-03-04 22:00:00,Wholesale,,
S00584,,2024-03-04 22:00:00,810.5,2024-03-04 22:00:00,Wholesale,,
S00578,,2024-03-03 17:00:00,810.5,2024-03-03 17:00:00,Wholesale,,
S00582,,2024-03-01 18:00:00,860.5,2024-03-01 18:00:00,Wholesale,,
S00575,,2024-02-29 22:00:00,1680.5,2024-02-29 22:00:00,Wholesale,,
S00562,,2024-02-28 22:00:00,78.5,2024-02-28 22:00:00,Wholesale,,
S00525,,2024-02-26 21:00:00,135.0,2024-02-26 21:00:00,Wholesale,,
S00500,,2024-02-21 16:00:00,3316.7,2024-02-21 16:00:00,Wholesale,,
S00344,,2024-03-01 18:00:00,3369.48,2024-03-01 18:00:00,Wholesale,,
#26UC3KA2JT,,2024-07-02 01:38:52,1437.31,2024-07-02 01:38:52,Faire,,
#5B3GNX2YXQ,,2024-05-16 01:27:06,3069.77,2024-05-16 01:27:06,Faire,,
#QSZ68YP4AJ,,2024-03-01 12:59:59,36.2,2024-03-01 12:59:59,Faire,,
S00326,,2024-01-26 16:00:00,2279.0,2024-02-25 16:00:00,Wholesale,,
#VCZGB67WFR,,2024-02-16 00:34:33,2258.68,2024-03-17 00:34:33,Faire,,
S00489,,2024-02-20 20:00:00,1093.0,2024-02-20 20:00:00,Wholesale,,
S00366,,2024-02-15 14:00:00,2452.5,2024-02-15 14:00:00,Wholesale,,
S00461,,2024-04-01 16:00:00,958.0,2024-04-01 16:00:00,Wholesale,,
S00143,,2024-03-01 20:00:00,446.0,2024-03-01 20:00:00,Wholesale,,
S00094,,2024-02-15 18:00:00,1810.0,2024-02-15 18:00:00,Wholesale,,
S00437,,2024-06-01 17:00:00,2460.0,2024-07-01 17:00:00,Wholesale,,
S00433,,2024-04-01 16:00:00,1520.0,2024-05-01 16:00:00,Wholesale,,
S00415,,2024-02-09 18:00:00,1517.0,2024-02-09 18:00:00,Wholesale,,
S00414,,2024-05-01 23:00:00,1127.2,2024-05-31 23:00:00,Wholesale,,
S00413,,2024-05-01 23:00:00,3381.54,2024-05-31 23:00:00,Wholesale,,
S00412,,2024-03-02 00:00:00,910.6,2024-04-01 00:00:00,Wholesale,,
S00054,,2024-03-01 17:00:00,2319.0,2024-03-01 17:00:00,Wholesale,,
S00141,,2024-04-01 19:00:00,1646.5,2024-04-01 19:00:00,Wholesale,,
S00160,,2024-04-01 22:00:00,1671.5,2024-04-01 22:00:00,Wholesale,,
S00273,,2024-01-26 17:00:00,5765.07,2024-01-26 17:00:00,Wholesale,,
S00279,,2024-04-15 19:00:00,522.0,2024-04-15 19:00:00,Wholesale,,
S00049,,2024-02-01 23:00:00,2891.5,2024-02-01 23:00:00,Wholesale,,
S00134,,2024-03-01 19:00:00,1210.0,2024-03-01 19:00:00,Wholesale,,
S00051,,2024-02-02 00:00:00,2601.5,2024-02-02 00:00:00,Wholesale,,
S00245,,2024-04-01 19:00:00,2967.0,2024-04-01 19:00:00,Wholesale,,
